pack,issue,title,artist,deezerId,detail
"2020's Mega Hits","ODD CUT","Roses (Imanbek Remix)","SAINt JHN","770293952","live/remix/instrumental/edit variant"
"2020's Mega Hits","ODD CUT","Savage Remix (feat. Beyoncé)","Megan Thee Stallion","946333752","live/remix/instrumental/edit variant"
"2020's Mega Hits","ODD CUT","WHATS POPPIN (feat. DaBaby, Tory Lanez & Lil Wayne) (Remix)","Jack Harlow","1001786382","live/remix/instrumental/edit variant"
"2020's Mega Hits","ODD CUT","Djadja (feat. Maluma) (Remix)","Aya Nakamura","986646892","live/remix/instrumental/edit variant"
"2020's Mega Hits","ODD CUT","Cold Heart (PNAU Remix)","Elton John","1457025872","live/remix/instrumental/edit variant"
"2020's Mega Hits","ODD CUT","Jiggle Jiggle (Kideko Remix)","Duke & Jones","1809647917","live/remix/instrumental/edit variant"
"2020's Mega Hits","EXPLICIT","The Box","Roddy Ricch","825986992","Deezer explicit_lyrics = true"
"2020's Mega Hits","EXPLICIT","positions","Ariana Grande","1118160622","Deezer explicit_lyrics = true"
"2020's Mega Hits","EXPLICIT","Say So","Doja Cat","797228462","Deezer explicit_lyrics = true"
"2020's Mega Hits","EXPLICIT","ROXANNE","Arizona Zervas","806698322","Deezer explicit_lyrics = true"
"2020's Mega Hits","EXPLICIT","DÁKITI","Bad Bunny","1122450992","Deezer explicit_lyrics = true"
"2020's Mega Hits","EXPLICIT","WAP (feat. Megan Thee Stallion)","Cardi B","1044791832","Deezer explicit_lyrics = true"
"2020's Mega Hits","EXPLICIT","ROCKSTAR","DaBaby","932661672","Deezer explicit_lyrics = true"
"2020's Mega Hits","EXPLICIT","Blueberry Faygo","Lil Mosey","867095322","Deezer explicit_lyrics = true"
"2020's Mega Hits","EXPLICIT","Toosie Slide","Drake","919708552","Deezer explicit_lyrics = true"
"2020's Mega Hits","EXPLICIT","Party Girl","StaySolidRocky","936617182","Deezer explicit_lyrics = true"
"2020's Mega Hits","EXPLICIT","Life Is Good (feat. Drake)","Future","847699482","Deezer explicit_lyrics = true"
"2020's Mega Hits","EXPLICIT","HIGHEST IN THE ROOM","Travis Scott","767583072","Deezer explicit_lyrics = true"
"2020's Mega Hits","EXPLICIT","Roses (Imanbek Remix)","SAINt JHN","770293952","Deezer explicit_lyrics = true"
"2020's Mega Hits","EXPLICIT","you broke me first","Tate McRae","929158322","Deezer explicit_lyrics = true"
"2020's Mega Hits","EXPLICIT","Savage Remix (feat. Beyoncé)","Megan Thee Stallion","946333752","Deezer explicit_lyrics = true"
"2020's Mega Hits","EXPLICIT","motive","Ariana Grande","1126047062","Deezer explicit_lyrics = true"
"2020's Mega Hits","EXPLICIT","Tusa","KAROL G","796342592","Deezer explicit_lyrics = true"
"2020's Mega Hits","EXPLICIT","Laugh Now Cry Later","Drake","1050306812","Deezer explicit_lyrics = true"
"2020's Mega Hits","EXPLICIT","Godzilla","Eminem","854914322","Deezer explicit_lyrics = true"
"2020's Mega Hits","EXPLICIT","La Difícil","Bad Bunny","889550862","Deezer explicit_lyrics = true"
"2020's Mega Hits","EXPLICIT","WHATS POPPIN (feat. DaBaby, Tory Lanez & Lil Wayne) (Remix)","Jack Harlow","1001786382","Deezer explicit_lyrics = true"
"2020's Mega Hits","EXPLICIT","In Your Eyes","The Weeknd","908859862","Deezer explicit_lyrics = true"
"2020's Mega Hits","EXPLICIT","Supalonely","BENEE","802283032","Deezer explicit_lyrics = true"
"2020's Mega Hits","EXPLICIT","Savage Love (Laxed - Siren Beat)","Jawsh 685","986939372","Deezer explicit_lyrics = true"
"2020's Mega Hits","EXPLICIT","RITMO (Bad Boys For Life)","The Black Eyed Peas","772603752","Deezer explicit_lyrics = true"
"2020's Mega Hits","EXPLICIT","POPSTAR (feat. Drake)","DJ Khaled","1024107672","Deezer explicit_lyrics = true"
"2020's Mega Hits","EXPLICIT","THE SCOTTS","THE SCOTTS ","939689012","Deezer explicit_lyrics = true"
"2020's Mega Hits","EXPLICIT","High Fashion (feat. Mustard)","Roddy Ricch","825987082","Deezer explicit_lyrics = true"
"2020's Mega Hits","EXPLICIT","Safaera","Bad Bunny","889550982","Deezer explicit_lyrics = true"
"2020's Mega Hits","EXPLICIT","Boss Bitch","Doja Cat","856402392","Deezer explicit_lyrics = true"
"2020's Mega Hits","EXPLICIT","Lonely","Justin Bieber","1110767312","Deezer explicit_lyrics = true"
"2020's Mega Hits","EXPLICIT","Wishing Well","Juice WRLD","1016968532","Deezer explicit_lyrics = true"
"2020's Mega Hits","EXPLICIT","Play Date","Melanie Martinez","105286434","Deezer explicit_lyrics = true"
"2020's Mega Hits","EXPLICIT","MAMACITA","The Black Eyed Peas","921104532","Deezer explicit_lyrics = true"
"2020's Mega Hits","EXPLICIT","Runnin","21 Savage","1097090192","Deezer explicit_lyrics = true"
"2020's Mega Hits","EXPLICIT","Sky","Playboi Carti","1189531242","Deezer explicit_lyrics = true"
"2020's Mega Hits","EXPLICIT","Hit Different (feat. Ty Dolla $ign, The Neptunes & Pharrell Williams)","SZA","1068098412","Deezer explicit_lyrics = true"
"2020's Mega Hits","EXPLICIT","Popular (From The Idol Vol. 1 Music from the HBO Original Series)","The Weeknd","2321977215","Deezer explicit_lyrics = true"
"2020's Mega Hits","EXPLICIT","Karma","Taylor Swift","1977132317","Deezer explicit_lyrics = true"
"2020's Mega Hits","EXPLICIT","drivers license","Olivia Rodrigo","1378342592","Deezer explicit_lyrics = true"
"2020's Mega Hits","EXPLICIT","good 4 u","Olivia Rodrigo","1378342622","Deezer explicit_lyrics = true"
"2020's Mega Hits","EXPLICIT","vampire","Olivia Rodrigo","2440763155","Deezer explicit_lyrics = true"
"2020's Mega Hits","EXPLICIT","brutal","Olivia Rodrigo","1378342572","Deezer explicit_lyrics = true"
"2020's Mega Hits","EXPLICIT","deja vu","Olivia Rodrigo","1378342612","Deezer explicit_lyrics = true"
"2020's Mega Hits","EXPLICIT","bad idea right?","Olivia Rodrigo","2440763145","Deezer explicit_lyrics = true"
"2020's Mega Hits","EXPLICIT","Espresso","Sabrina Carpenter","2743578151","Deezer explicit_lyrics = true"
"2020's Mega Hits","EXPLICIT","Please Please Please","Sabrina Carpenter","2831602002","Deezer explicit_lyrics = true"
"2020's Mega Hits","EXPLICIT","Feather","Sabrina Carpenter","2185094157","Deezer explicit_lyrics = true"
"2020's Mega Hits","EXPLICIT","Casual","Chappell Roan","2454854775","Deezer explicit_lyrics = true"
"2020's Mega Hits","EXPLICIT","Femininomenon","Chappell Roan","2454854735","Deezer explicit_lyrics = true"
"2020's Mega Hits","EXPLICIT","Not Like Us","Kendrick Lamar","2783963122","Deezer explicit_lyrics = true"
"2020's Mega Hits","EXPLICIT","squabble up","Kendrick Lamar","3106586631","Deezer explicit_lyrics = true"
"2020's Mega Hits","EXPLICIT","Happier Than Ever","Billie Eilish","1449740592","Deezer explicit_lyrics = true"
"2020's Mega Hits","EXPLICIT","Kiss Me More (feat. SZA)","Doja Cat","1410738172","Deezer explicit_lyrics = true"
"2020's Mega Hits","EXPLICIT","Woman","Doja Cat","1410738042","Deezer explicit_lyrics = true"
"2020's Mega Hits","EXPLICIT","Paint The Town Red","Doja Cat","2387373015","Deezer explicit_lyrics = true"
"2020's Mega Hits","EXPLICIT","Agora Hills","Doja Cat","2459517745","Deezer explicit_lyrics = true"
"2020's Mega Hits","EXPLICIT","Snooze","SZA","2055292087","Deezer explicit_lyrics = true"
"2020's Mega Hits","EXPLICIT","Good Days","SZA","1189202982","Deezer explicit_lyrics = true"
"2020's Mega Hits","EXPLICIT","Nobody Gets Me","SZA","2055292147","Deezer explicit_lyrics = true"
"2020's Mega Hits","EXPLICIT","I Had Some Help","Post Malone","2780753191","Deezer explicit_lyrics = true"
"2020's Mega Hits","EXPLICIT","Chemical","Post Malone","2235565007","Deezer explicit_lyrics = true"
"2020's Mega Hits","EXPLICIT","MONTERO (Call Me By Your Name)","Lil Nas X","1283264142","Deezer explicit_lyrics = true"
"2020's Mega Hits","EXPLICIT","INDUSTRY BABY","Lil Nas X","1439691952","Deezer explicit_lyrics = true"
"2020's Mega Hits","EXPLICIT","Peaches","Justin Bieber","1280165222","Deezer explicit_lyrics = true"
"2020's Mega Hits","EXPLICIT","WITHOUT YOU","The Kid LAROI","1445417732","Deezer explicit_lyrics = true"
"2020's Mega Hits","EXPLICIT","TEXAS HOLD 'EM","Beyoncé","2658723742","Deezer explicit_lyrics = true"
"2020's Mega Hits","EXPLICIT","CUFF IT","Beyoncé","1842063487","Deezer explicit_lyrics = true"
"2020's Mega Hits","EXPLICIT","360","Charli xcx","2833834772","Deezer explicit_lyrics = true"
"2020's Mega Hits","EXPLICIT","Von dutch","Charli xcx","2833834822","Deezer explicit_lyrics = true"
"2020's Mega Hits","EXPLICIT","34+35","Ariana Grande","1126047052","Deezer explicit_lyrics = true"
"2020's Mega Hits","EXPLICIT","yes, and?","Ariana Grande","2614318122","Deezer explicit_lyrics = true"
"2020's Mega Hits","EXPLICIT","greedy","Tate McRae","2444176345","Deezer explicit_lyrics = true"
"2020's Mega Hits","EXPLICIT","exes","Tate McRae","2537957421","Deezer explicit_lyrics = true"
"2020's Mega Hits","EXPLICIT","Tití Me Preguntó","Bad Bunny","1741494317","Deezer explicit_lyrics = true"
"2020's Mega Hits","EXPLICIT","MONACO","Bad Bunny","2496106371","Deezer explicit_lyrics = true"
"2020's Mega Hits","EXPLICIT","About Damn Time","Lizzo","1818665207","Deezer explicit_lyrics = true"
"2020's Mega Hits","EXPLICIT","Truth Hurts","Lizzo","407250732","Deezer explicit_lyrics = true"
"2020's Mega Hits","EXPLICIT","Juice","Lizzo","666286232","Deezer explicit_lyrics = true"
"2020's Mega Hits","EXPLICIT","A Bar Song (Tipsy)","Shaboozey","2729273551","Deezer explicit_lyrics = true"
"2020's Mega Hits","EXPLICIT","First Person Shooter","Drake","2486117571","Deezer explicit_lyrics = true"
"2020's Mega Hits","EXPLICIT","Rich Baby Daddy","Drake","2486117711","Deezer explicit_lyrics = true"
"2020's Mega Hits","EXPLICIT","WAIT FOR U (feat. Drake & Tems)","Future","1741794687","Deezer explicit_lyrics = true"
"2020's Mega Hits","EXPLICIT","Way 2 Sexy","Drake","1484144862","Deezer explicit_lyrics = true"
"2020's Mega Hits","EXPLICIT","abcdefu (angrier)","GAYLE","1490027892","Deezer explicit_lyrics = true"
"2020's Mega Hits","EXPLICIT","Big Energy","Latto","1491160132","Deezer explicit_lyrics = true"
"2020's Mega Hits","EXPLICIT","Boy's a liar Pt. 2","PinkPantheress","2106386037","Deezer explicit_lyrics = true"
"2020's Mega Hits","EXPLICIT","DESPECHÁ","ROSALÍA","1841999507","Deezer explicit_lyrics = true"
"2020's Mega Hits","EXPLICIT","First Class","Jack Harlow","1711360637","Deezer explicit_lyrics = true"
"2020's Mega Hits","EXPLICIT","I Like You (A Happier Song)","Post Malone","1775918667","Deezer explicit_lyrics = true"
"2020's Mega Hits","EXPLICIT","I'm Good (Blue)","David Guetta","2107937657","Deezer explicit_lyrics = true"
"2020's Mega Hits","EXPLICIT","Mamushi (feat. Yuki Chiba)","Megan Thee Stallion","2867606132","Deezer explicit_lyrics = true"
"2020's Mega Hits","EXPLICIT","Never Gonna Not Dance Again","P!nk","1992816487","Deezer explicit_lyrics = true"
"2020's Mega Hits","EXPLICIT","Players","Coi Leray","2032141427","Deezer explicit_lyrics = true"
"2020's Mega Hits","EXPLICIT","Princess Diana","Ice Spice","2236341857","Deezer explicit_lyrics = true"
"2020's Mega Hits","EXPLICIT","Seven (feat. Latto)","JUNG KOOK","2364618815","Deezer explicit_lyrics = true"
"2020's Mega Hits","EXPLICIT","Sweetest Pie","Megan Thee Stallion","1679489667","Deezer explicit_lyrics = true"
"2020's Mega Hits","EXPLICIT","THATS WHAT I WANT","Lil Nas X","1493915892","Deezer explicit_lyrics = true"
"2020's Mega Hits","EXPLICIT","The Emptiness Machine","Linkin Park","2978105041","Deezer explicit_lyrics = true"
"2020's Mega Hits","EXPLICIT","Victoria's Secret","Jax","1801761047","Deezer explicit_lyrics = true"
"2020's Mega Hits","EXPLICIT","Wild Ones","Jessie Murph","2480796901","Deezer explicit_lyrics = true"
"2020's Mega Hits","EXPLICIT","Boyfriend","Dove Cameron","1649426332","Deezer explicit_lyrics = true"
"2020's Mega Hits","EXPLICIT","Super Freaky Girl","Nicki Minaj","1863905587","Deezer explicit_lyrics = true"
"2020's Mega Hits","EXPLICIT","Bad Habit","Steve Lacy","1805106587","Deezer explicit_lyrics = true"
"2020's Mega Hits","EXPLICIT","Escapism.","RAYE","1925023707","Deezer explicit_lyrics = true"
"2020's Mega Hits","EXPLICIT","Lovin On Me","Jack Harlow","2535000521","Deezer explicit_lyrics = true"
"2020's Mega Hits","EXPLICIT","Hell N Back (feat. Summer Walker)","Bakar","2461123655","Deezer explicit_lyrics = true"
"2020's Mega Hits","EXPLICIT","That’s So True","Gracie Abrams","3047560351","Deezer explicit_lyrics = true"
"2020's Mega Hits","EXPLICIT","Cowboys Cry Too (with Noah Kahan)","Kelsea Ballerini","2853023522","Deezer explicit_lyrics = true"
"2020's Mega Hits","EXPLICIT","High Road","Koe Wetzel","2832264262","Deezer explicit_lyrics = true"
"2020's Mega Hits","EXPLICIT","Messy","Lola Young","2815968782","Deezer explicit_lyrics = true"
"2020's Mega Hits","EXPLICIT","If We Ever Broke Up","Mae Stephens","2135303217","Deezer explicit_lyrics = true"
"2020's Mega Hits","EXPLICIT","Not My Fault","Reneé Rapp","2585772662","Deezer explicit_lyrics = true"
"2020's Mega Hits","EXPLICIT","Pretty Girls","Reneé Rapp","2407557495","Deezer explicit_lyrics = true"
"2020's Mega Hits","EXPLICIT","I Think I Like You","The Band Camino","1477894832","Deezer explicit_lyrics = true"
"2020's Mega Hits","EXPLICIT","On My Mama","Victoria Monét","2309351085","Deezer explicit_lyrics = true"
"70's Mega Hits","DUPLICATE","Stayin' Alive","Bee Gees","406815322","also present as ""Stayin Alive"""
"70's Mega Hits","ODD CUT","Unchained Melody (Live at Ann Arbor, MI)","Elvis Presley","15398781","live/remix/instrumental/edit variant"
"70's Mega Hits","DUPLICATE","Mandy","Barry Manilow","5404430","also present as ""Mandy"""
"70's Mega Hits","DUPLICATE","Best of My Love (Single Version)","The Emotions","5404443","also present as ""Best of My Love"""
"70's Mega Hits","DUPLICATE","Blame It on the Boogie","The Jacksons","541408","also present as ""Blame It on the Boogie"""
"70's Mega Hits","DUPLICATE","A Horse with No Name (2006 Remaster)","America","774835","also present as ""A Horse with No Name"""
"70's Mega Hits","ODD CUT","Live And Let Die (2018 Remaster)","Paul McCartney","598235802","live/remix/instrumental/edit variant"
"70's Mega Hits","DUPLICATE","I Want You to Want Me (Live at Nippon Budokan, Tokyo, JPN - April 1978)","Cheap Trick","611315","also present as ""I Want You to Want Me"""
"70's Mega Hits","ODD CUT","I Want You to Want Me (Live at Nippon Budokan, Tokyo, JPN - April 1978)","Cheap Trick","611315","live/remix/instrumental/edit variant"
"70's Mega Hits","DUPLICATE","Show Me The Way (Live)","Peter Frampton","12255253","also present as ""Show Me The Way"""
"70's Mega Hits","ODD CUT","Show Me The Way (Live)","Peter Frampton","12255253","live/remix/instrumental/edit variant"
"70's Mega Hits","ODD CUT","Move on Up (Single Edit)","Curtis Mayfield","115195420","live/remix/instrumental/edit variant"
"70's Mega Hits","DUPLICATE","Fire and Rain (2019 Remaster)","James Taylor","713029502","also present as ""Fire and Rain"""
"70's Mega Hits","DUPLICATE","Heart of Gold (2009 Remaster)","Neil Young","3826694","also present as ""Heart of Gold (2017 Remaster)"""
"70's Mega Hits","DUPLICATE","Rich Girl","Daryl Hall & John Oates","566101","also present as ""Rich Girl"""
"70's Mega Hits","DUPLICATE","Heart Of Glass","Blondie","3151379","also present as ""Heart Of Glass (Special Mix)"""
"70's Mega Hits","DUPLICATE","Live And Let Die","Paul McCartney","126368823","also present as ""Live And Let Die (2018 Remaster)"""
"70's Mega Hits","ODD CUT","Live And Let Die","Paul McCartney","126368823","live/remix/instrumental/edit variant"
"70's Mega Hits","ODD CUT","Medley: I Want You Back / ABC / The Love You Save (Live from the 1981 U.S. Tour)","The Jacksons","3967022541","live/remix/instrumental/edit variant"
"70's Mega Hits","ODD CUT","Silly Love Songs (Demo)","Wings","3856057001","live/remix/instrumental/edit variant"
"70's Mega Hits","ODD CUT","Live And Let Die (Rockshow)","Wings","3856057061","live/remix/instrumental/edit variant"
"70's Mega Hits","ODD CUT","Islands In The Stream (Live)","Kenny Rogers","1750209627","live/remix/instrumental/edit variant"
"70's Mega Hits","ODD CUT","You're The First, The Last, My Everything (Edit)","Barry White","537988582","live/remix/instrumental/edit variant"
"70's Mega Hits","ODD CUT","Turn the Beat Around (7"" Single Edit)","Vicki Sue Robinson","5404484","live/remix/instrumental/edit variant"
"70's Mega Hits","EXPLICIT","Hurricane","Bob Dylan","15347259","Deezer explicit_lyrics = true"
"70's Mega Hits","EXPLICIT","Money","Pink Floyd","116914026","Deezer explicit_lyrics = true"
"Broadway","ODD CUT","The Movie In My Mind (Live)","Miss Saigon Original Cast","85271004","live/remix/instrumental/edit variant"
"Broadway","ODD CUT","The Phantom of the Opera (Edit)","Michael Crawford","3582492861","live/remix/instrumental/edit variant"
"Broadway","ODD CUT","Wishing You Were Somehow Here Again (Live)","Sarah Brightman","41352091","live/remix/instrumental/edit variant"
"Broadway","ODD CUT","Oklahoma (Live On The Ed Sullivan Show, March 27, 1955)","University Of Oklahoma Glee Club","2122188777","live/remix/instrumental/edit variant"
"Broadway","ODD CUT","Send in the Clowns (from ""A Little Night Music"") (Live)","Judi Dench","1277647392","live/remix/instrumental/edit variant"
"Broadway","DUPLICATE","Dancing Queen (From 'Mamma Mia!' Original Motion Picture Soundtrack)","Meryl Streep","915799","also present as ""Dancing Queen (From 'Mamma Mia!' Original Motion Picture Soundtrack)"""
"Broadway","DUPLICATE","When I Kissed The Teacher","Lily James","588221282","also present as ""When I Kissed The Teacher"""
"Broadway","DUPLICATE","Wait for Me","Andre De Shields","689230712","also present as ""Wait for Me (Reprise)"""
"Broadway","DUPLICATE","Wait for Me (Reprise)","Andre De Shields","710340572","also present as ""Wait for Me (Reprise)"""
"Broadway","DUPLICATE","West Side Story: Act I: America","West Side Story Ensemble (Original Motion Picture Soundtrack)","540694","also present as ""West Side Story: Act I: America"""
"Broadway","ODD CUT","I'd Give My Life For You (Live)","Miss Saigon Original Cast","85274384","live/remix/instrumental/edit variant"
"Broadway","DUPLICATE","Grease (2007 Remaster)","Frankie Valli","686931","also present as ""Grease (2007 Remaster)"""
"Broadway","DUPLICATE","One","A Chorus Line Ensemble (2006)","13160711","also present as ""One"""
"Broadway","ODD CUT","I Still Believe (From 'Miss Saigon' / Live)","'Miss Saigon' Original London Cast","85271028","live/remix/instrumental/edit variant"
"Broadway","DUPLICATE","Supercalifragilisticexpialidocious","Julie Andrews","3118718","also present as ""Supercalifragilisticexpialidocious (From ""Mary Poppins"" Soundtrack)"""
"Broadway","DUPLICATE","People","Barbra Streisand","848107","also present as ""People"""
"Broadway","DUPLICATE","A Little Priest","Johnny Depp","738177","also present as ""A Little Priest"""
"Broadway","DUPLICATE","Make 'em Laugh","Donald O'Connor","12646844","also present as ""Make 'em Laugh"""
"Broadway","EXPLICIT","My Shot","Lin-Manuel Miranda","107832272","Deezer explicit_lyrics = true"
"Broadway","EXPLICIT","Welcome To The Rock","Joel Hatch","143785152","Deezer explicit_lyrics = true"
"Broadway","EXPLICIT","The Bitch Of Living (Original Broadway Cast Recording/2006)","John Gallagher, Jr.","390859761","Deezer explicit_lyrics = true"
"Broadway","EXPLICIT","I Can Do Better Than That","Anna Kendrick","422982482","Deezer explicit_lyrics = true"
"Broadway","EXPLICIT","I Believe","Andrew Rannells","393557252","Deezer explicit_lyrics = true"
"Broadway","EXPLICIT","Totally Fucked (Original Broadway Cast Recording/2006)","Jonathan Groff","390859871","Deezer explicit_lyrics = true"
"Broadway","EXPLICIT","Greased Lightnin' (From “Grease”)","John Travolta","781563102","Deezer explicit_lyrics = true"
"Broadway","EXPLICIT","Everyone's a Little Bit Racist","John Tartaglia","628506","Deezer explicit_lyrics = true"
"Classic TV Themes","DUPLICATE","Breaking Bad Main Title Theme (Extended)","Dave Porter","69838319","also present as ""Breaking Bad Main Title Theme (Extended)"""
"Classic TV Themes","ODD CUT","Cheers Theme (Original Demo)","Gary Portnoy","5398448","live/remix/instrumental/edit variant"
"Classic TV Themes","DUPLICATE","""Cheers"" Theme (Full Length Record)","Gary Portnoy","64301897","also present as ""Cheers Theme (Original Demo)"""
"Classic TV Themes","DUPLICATE","I Don't Want To Be (Live)","Gavin DeGraw","807005","also present as ""I Don't Want to Be"""
"Classic TV Themes","ODD CUT","I Don't Want To Be (Live)","Gavin DeGraw","807005","live/remix/instrumental/edit variant"
"Classic TV Themes","JUNK VERSION","Theme From ""The Sopranos"" (Woke Up This Morning)","Smash Hits Cover Band","5154835","karaoke/tribute/cover keyword"
"Classic TV Themes","ODD CUT","Angel Main Theme (The Sanctuary Extended Remix)","Darling Violetta","891181082","live/remix/instrumental/edit variant"
"Classic TV Themes","DUPLICATE","I Don't Want to Wait (Dawson's Creek Theme)","Paula Cole","2466745005","also present as ""I Don't Want to Wait"""
"Classic TV Themes","ODD CUT","The Facts of Life (Re-recorded / Remastered)","Gloria Loring","12747827","live/remix/instrumental/edit variant"
"Classic TV Themes","ODD CUT","Nothing's Gonna Stop Us Now (Remix)","David Pomeranz","2179517047","live/remix/instrumental/edit variant"
"Classic TV Themes","EXPLICIT","Proud Family (feat. Kenneth Cole)","Justus","458743562","Deezer explicit_lyrics = true"
"Classic TV Themes","EXPLICIT","Who Are You","The Who","540165792","Deezer explicit_lyrics = true"
"Modern TV Themes","DUPLICATE","Kids","Kyle Dixon & Michael Stein","130871170","also present as ""Kids"""
"Modern TV Themes","ODD CUT","W-V 2000 (Instrumental)","Kristen Anderson-Lopez","1252880252","live/remix/instrumental/edit variant"
"Modern TV Themes","ODD CUT","Agatha All Along (Dave Audé Remix) (From ""Agatha All Along"")","Kristen Anderson-Lopez","2979989211","live/remix/instrumental/edit variant"
"Songs from Movies","ODD CUT","Flashdance...What a Feeling (Radio Edit)","Irene Cara","62419007","live/remix/instrumental/edit variant"
"Songs from Movies","ODD CUT","True (Single Edit)","Spandau Ballet","3130319","live/remix/instrumental/edit variant"
"Songs from Movies","ODD CUT","Psycho Killer (Live) (2023 Remaster)","Talking Heads","2397688515","live/remix/instrumental/edit variant"
"Songs from Movies","ODD CUT","Live And Let Die","Guns N' Roses","1169676","live/remix/instrumental/edit variant"
"Songs from Movies","ODD CUT","Live And Let Die (Main Title)","Paul McCartney","5664761","live/remix/instrumental/edit variant"
"Songs from Movies","ODD CUT","Raindrops Keep Falling On My Head (Re-Recorded)","B.J. Thomas","1612786","live/remix/instrumental/edit variant"
"Songs from Movies","ODD CUT","Who Wants To Live Forever (Remastered 2011)","Queen","716513532","live/remix/instrumental/edit variant"
"Songs from Movies","ODD CUT","I'll Never Love Again (Film Version - Radio Edit)","Lady Gaga","561894232","live/remix/instrumental/edit variant"
"Songs from Movies","ODD CUT","Mystery Of Love (Demo)","Sufjan Stevens","3221436041","live/remix/instrumental/edit variant"
"Songs from Movies","ODD CUT","I Don’t Wanna Live Forever (Fifty Shades Darker)","ZAYN","595112162","live/remix/instrumental/edit variant"
"Songs from Movies","ODD CUT","A Little Party Never Killed Nobody (All We Got) (Paige Festival Remix)","Fergie","69272693","live/remix/instrumental/edit variant"
"Songs from Movies","EXPLICIT","Lose Yourself","Eminem","1109731","Deezer explicit_lyrics = true"
"Songs from Movies","EXPLICIT","My Shot","Lin-Manuel Miranda","107832272","Deezer explicit_lyrics = true"
"Songs from Movies","EXPLICIT","All The Stars (From ""Black Panther: The Album"")","Kendrick Lamar","456965032","Deezer explicit_lyrics = true"
"Songs from Movies","EXPLICIT","Pray For Me","The Weeknd","456011702","Deezer explicit_lyrics = true"
"Songs from Movies","EXPLICIT","King's Dead","Jay Rock","456965102","Deezer explicit_lyrics = true"
"Movie Soundtracks","ODD CUT","Love Theme from St. Elmo's Fire (Instrumental)","David Foster","6632169","live/remix/instrumental/edit variant"
"Movie Soundtracks","ODD CUT","We Don't Talk About Bruno (Instrumental)","Lin-Manuel Miranda","1550822122","live/remix/instrumental/edit variant"
"Road Trip","ODD CUT","Catch & Release (Deepend Remix)","Matt Simons","107329230","live/remix/instrumental/edit variant"
"Road Trip","ODD CUT","Dracula (JENNIE Remix)","Tame Impala","3818963601","live/remix/instrumental/edit variant"
"Road Trip","ODD CUT","One Day / Reckoning Song (Wankelmut Remix) (Radio Edit)","Asaf Avidan","705022722","live/remix/instrumental/edit variant"
"Road Trip","ODD CUT","Don't Worry (with Ray Dalton) (Radio Edit)","Madcon","520033002","live/remix/instrumental/edit variant"
"Road Trip","ODD CUT","The Days (NOTION Remix)","CHRYSTAL","3069116671","live/remix/instrumental/edit variant"
"Road Trip","ODD CUT","Money For Nothing (Single Edit) (2022 Remaster)","Dire Straits","1782778667","live/remix/instrumental/edit variant"
"Road Trip","ODD CUT","Baker Street (Radio Edit)","Gerry Rafferty","2892771012","live/remix/instrumental/edit variant"
"Road Trip","ODD CUT","The First Cut Is the Deepest (Acoustic Version)","Sheryl Crow","807082","live/remix/instrumental/edit variant"
"Road Trip","ODD CUT","Greek Tragedy (Oliver Nelson TikTok Remix)","The Wombats","1205212482","live/remix/instrumental/edit variant"
"Road Trip","ODD CUT","Love Like This (Live in Dublin / 2022)","Kodaline","1952617597","live/remix/instrumental/edit variant"
"Road Trip","ODD CUT","Left Hand Free (Live)","alt-J","1241566322","live/remix/instrumental/edit variant"
"Road Trip","EXPLICIT","Manchild","Sabrina Carpenter","3400077541","Deezer explicit_lyrics = true"
"Road Trip","EXPLICIT","Messy","Lola Young","2815968782","Deezer explicit_lyrics = true"
"Road Trip","EXPLICIT","Another Love","Tom Odell","65723649","Deezer explicit_lyrics = true"
"Road Trip","EXPLICIT","No Broke Boys","Disco Lines","3410229851","Deezer explicit_lyrics = true"
"Road Trip","EXPLICIT","Dracula (JENNIE Remix)","Tame Impala","3818963601","Deezer explicit_lyrics = true"
"Road Trip","EXPLICIT","Espresso","Sabrina Carpenter","2743578151","Deezer explicit_lyrics = true"
"Road Trip","EXPLICIT","Anxiety","Doechii","3262675101","Deezer explicit_lyrics = true"
"Road Trip","EXPLICIT","Gata Only","FloyyMenor","2638201552","Deezer explicit_lyrics = true"
"Road Trip","EXPLICIT","The Less I Know The Better","Tame Impala","103052662","Deezer explicit_lyrics = true"
"Road Trip","EXPLICIT","greedy","Tate McRae","2444176345","Deezer explicit_lyrics = true"
"Road Trip","EXPLICIT","A Bar Song (Tipsy)","Shaboozey","2729273551","Deezer explicit_lyrics = true"
"Road Trip","EXPLICIT","Paint The Town Red","Doja Cat","2387373015","Deezer explicit_lyrics = true"
"Road Trip","EXPLICIT","DESPECHÁ","ROSALÍA","1841999507","Deezer explicit_lyrics = true"
"Road Trip","EXPLICIT","Gnarly","KATSEYE","3336180251","Deezer explicit_lyrics = true"
"Road Trip","EXPLICIT","iloveitiloveitiloveit","Bella Kay","3763687462","Deezer explicit_lyrics = true"
"Road Trip","EXPLICIT","CUFF IT","Beyoncé","1842063487","Deezer explicit_lyrics = true"
"Road Trip","EXPLICIT","Sugar","Maroon 5","100052800","Deezer explicit_lyrics = true"
"Road Trip","EXPLICIT","NOKIA","Drake","3232025631","Deezer explicit_lyrics = true"
"Road Trip","EXPLICIT","Rich","Bea","3841227291","Deezer explicit_lyrics = true"
"Road Trip","EXPLICIT","Rien à fêter","Camille Yembe","3918156161","Deezer explicit_lyrics = true"
"Road Trip","EXPLICIT","Time to Pretend","MGMT","536481","Deezer explicit_lyrics = true"
"Road Trip","EXPLICIT","Some Nights","fun.","16501727","Deezer explicit_lyrics = true"
"Road Trip","EXPLICIT","Hell N Back","Bakar","728760222","Deezer explicit_lyrics = true"
"Road Trip","EXPLICIT","About Damn Time","Lizzo","1818665207","Deezer explicit_lyrics = true"
"Road Trip","EXPLICIT","Slide (feat. Frank Ocean & Migos)","Calvin Harris","142844852","Deezer explicit_lyrics = true"
"Road Trip","EXPLICIT","New Gold (feat. Tame Impala and Bootie Brown)","Gorillaz","1878740837","Deezer explicit_lyrics = true"
"Road Trip","EXPLICIT","American Cars","Noah Kahan","3979667761","Deezer explicit_lyrics = true"
"Road Trip","EXPLICIT","Feels (feat. Pharrell Williams, Katy Perry & Big Sean)","Calvin Harris","374051471","Deezer explicit_lyrics = true"
"Road Trip","EXPLICIT","I'm your first","flowerovlove","3531126261","Deezer explicit_lyrics = true"
"Road Trip","EXPLICIT","Dial Drunk","Noah Kahan","2368216925","Deezer explicit_lyrics = true"
"Road Trip","EXPLICIT","East Side of Sorrow","Zach Bryan","2417266215","Deezer explicit_lyrics = true"
"Road Trip","EXPLICIT","Post Break-Up Sex","The Vaccines","941198052","Deezer explicit_lyrics = true"
"Road Trip","EXPLICIT","Dreams","Beck","414880992","Deezer explicit_lyrics = true"
"Road Trip","EXPLICIT","1950","King Princess","463268972","Deezer explicit_lyrics = true"
"Road Trip","EXPLICIT","Helmet","Steve Lacy","1817216157","Deezer explicit_lyrics = true"
"Road Trip","EXPLICIT","Don't Remind Me","Amber Mark","3586146921","Deezer explicit_lyrics = true"
"Road Trip","EXPLICIT","Doses & Mimosas","Cherub","71415361","Deezer explicit_lyrics = true"
"Road Trip","EXPLICIT","touch tank","Quinnie","1881696997","Deezer explicit_lyrics = true"
"Road Trip","EXPLICIT","I Want","Enny","1355405782","Deezer explicit_lyrics = true"
"Road Trip","EXPLICIT","Really, Really","Dreamer Isioma","2024029837","Deezer explicit_lyrics = true"
"Road Trip","EXPLICIT","Ghost Town","Adam Lambert","101819685","Deezer explicit_lyrics = true"
"Road Trip","EXPLICIT","The Mother We Share","CHVRCHES","3025690811","Deezer explicit_lyrics = true"
"Road Trip","EXPLICIT","Paris","Magic Man","70368139","Deezer explicit_lyrics = true"
"Road Trip","EXPLICIT","Cold War","Cautious Clay","3427807231","Deezer explicit_lyrics = true"
"Wedding","ODD CUT","Get Lucky (Radio Edit - feat. Pharrell Williams and Nile Rodgers)","Daft Punk","66609426","live/remix/instrumental/edit variant"
"Wedding","ODD CUT","Feel So Close (Radio Edit)","Calvin Harris","13040252","live/remix/instrumental/edit variant"
"Wedding","ODD CUT","Crazy for You (Edit)","Madonna","723867","live/remix/instrumental/edit variant"
"Wedding","ODD CUT","Ignition (Remix)","R. Kelly","576455","live/remix/instrumental/edit variant"
"Wedding","ODD CUT","How Do I Live","LeAnn Rimes","75778882","live/remix/instrumental/edit variant"
"Wedding","ODD CUT","I Gotta Feeling (FMIF Remix; Edit)","The Black Eyed Peas","2531104231","live/remix/instrumental/edit variant"
"Wedding","ODD CUT","On The Floor (Radio Edit)","Jennifer Lopez","8930372","live/remix/instrumental/edit variant"
"Wedding","ODD CUT","Purple Rain (7"" Single Edit; 2017 Remaster)","Prince","374283241","live/remix/instrumental/edit variant"
"Wedding","ODD CUT","Beautiful Things (Acoustic)","Benson Boone","2674548842","live/remix/instrumental/edit variant"
"Wedding","ODD CUT","True (Single Edit)","Spandau Ballet","3130319","live/remix/instrumental/edit variant"
"Wedding","ODD CUT","Live Your Life","T.I.","383741911","live/remix/instrumental/edit variant"
"Wedding","ODD CUT","Move on Up (Single Edit)","Curtis Mayfield","115195420","live/remix/instrumental/edit variant"
"Wedding","ODD CUT","Kiss Me (Radio Edit)","Sixpence None The Richer","134116990","live/remix/instrumental/edit variant"
"Wedding","ODD CUT","The Best (Edit)","Tina Turner","3167295","live/remix/instrumental/edit variant"
"Wedding","ODD CUT","Cha Cha Slide (Original Live Platinum Band Mix)","DJ Casper","1675120927","live/remix/instrumental/edit variant"
"Wedding","ODD CUT","The Twist (Rerecorded)","Chubby Checker","5896428","live/remix/instrumental/edit variant"
"Wedding","ODD CUT","Come On Eileen (Single Edit)","Dexys Midnight Runners","4255658","live/remix/instrumental/edit variant"
"Wedding","ODD CUT","Medley: I Want You Back / ABC / The Love You Save (Live from the 1981 U.S. Tour)","The Jacksons","3967022541","live/remix/instrumental/edit variant"
"Wedding","EXPLICIT","I Like It","Cardi B","482986842","Deezer explicit_lyrics = true"
"Wedding","EXPLICIT","You're Beautiful","James Blunt","2659940","Deezer explicit_lyrics = true"
"Wedding","EXPLICIT","Good Riddance (Time of Your Life)","Green Day","778429","Deezer explicit_lyrics = true"
"Wedding","EXPLICIT","Time of Our Lives","Ne-Yo","89597767","Deezer explicit_lyrics = true"
"Wedding","EXPLICIT","Get Low","Lil Jon & The East Side Boyz","2591105","Deezer explicit_lyrics = true"
"Wedding","EXPLICIT","Hey Ya!","OutKast","628266","Deezer explicit_lyrics = true"
"Wedding","EXPLICIT","Cake By The Ocean","DNCE","136341758","Deezer explicit_lyrics = true"
"Wedding","EXPLICIT","Espresso","Sabrina Carpenter","2743578151","Deezer explicit_lyrics = true"
