tier,title,artist,packs,deezer_ids,verdict_keep_or_cut
"HARD","Hell N Back (feat. Summer Walker)","Bakar","2020's Mega Hits + Road Trip","2461123655 728760222",""
"HARD","WAP (feat. Megan Thee Stallion)","Cardi B","2020's Mega Hits","1044791832",""
"HARD","No Broke Boys","Disco Lines","Road Trip","3410229851",""
"HARD","Anxiety","Doechii","Road Trip","3262675101",""
"HARD","Boss Bitch","Doja Cat","2020's Mega Hits","856402392",""
"HARD","Rich Baby Daddy","Drake","2020's Mega Hits","2486117711",""
"HARD","NOKIA","Drake","Road Trip","3232025631",""
"HARD","Princess Diana","Ice Spice","2020's Mega Hits","2236341857",""
"HARD","WHATS POPPIN (feat. DaBaby, Tory Lanez & Lil Wayne) (Remix)","Jack Harlow","2020's Mega Hits","1001786382",""
"HARD","Lovin On Me","Jack Harlow","2020's Mega Hits","2535000521",""
"HARD","Savage Love (Laxed - Siren Beat)","Jawsh 685","2020's Mega Hits","986939372",""
"HARD","The Bitch Of Living (Original Broadway Cast Recording/2006)","John Gallagher, Jr.","Broadway","390859761",""
"HARD","Totally Fucked (Original Broadway Cast Recording/2006)","Jonathan Groff","Broadway","390859871",""
"HARD","Gnarly","KATSEYE","Road Trip","3336180251",""
"HARD","Not Like Us","Kendrick Lamar","2020's Mega Hits","2783963122",""
"HARD","squabble up","Kendrick Lamar","2020's Mega Hits","3106586631",""
"HARD","About Damn Time","Lizzo","2020's Mega Hits + Road Trip","1818665207",""
"HARD","Savage Remix (feat. Beyoncé)","Megan Thee Stallion","2020's Mega Hits","946333752",""
"HARD","Super Freaky Girl","Nicki Minaj","2020's Mega Hits","1863905587",""
"HARD","The Box","Roddy Ricch","2020's Mega Hits","825986992",""
"SOFT-LISTEN","DÁKITI","Bad Bunny","2020's Mega Hits","1122450992",""
"SOFT-LISTEN","Tití Me Preguntó","Bad Bunny","2020's Mega Hits","1741494317",""
"SOFT-LISTEN","MONACO","Bad Bunny","2020's Mega Hits","2496106371",""
"SOFT-LISTEN","iloveitiloveitiloveit","Bella Kay","Road Trip","3763687462",""
"SOFT-LISTEN","TEXAS HOLD 'EM","Beyoncé","2020's Mega Hits","2658723742",""
"SOFT-LISTEN","Happier Than Ever","Billie Eilish","2020's Mega Hits","1449740592",""
"SOFT-LISTEN","I Like It","Cardi B","Wedding","482986842",""
"SOFT-LISTEN","I'm Good (Blue)","David Guetta","2020's Mega Hits","2107937657",""
"SOFT-LISTEN","Cake By The Ocean","DNCE","Wedding","136341758",""
"SOFT-LISTEN","Say So","Doja Cat","2020's Mega Hits","797228462",""
"SOFT-LISTEN","Woman","Doja Cat","2020's Mega Hits","1410738042",""
"SOFT-LISTEN","Paint The Town Red","Doja Cat","2020's Mega Hits + Road Trip","2387373015",""
"SOFT-LISTEN","Lose Yourself","Eminem","Songs from Movies","1109731",""
"SOFT-LISTEN","Gata Only","FloyyMenor","Road Trip","2638201552",""
"SOFT-LISTEN","That’s So True","Gracie Abrams","2020's Mega Hits","3047560351",""
"SOFT-LISTEN","Peaches","Justin Bieber","2020's Mega Hits","1280165222",""
"SOFT-LISTEN","Tusa","KAROL G","2020's Mega Hits","796342592",""
"SOFT-LISTEN","Big Energy","Latto","2020's Mega Hits","1491160132",""
"SOFT-LISTEN","MONTERO (Call Me By Your Name)","Lil Nas X","2020's Mega Hits","1283264142",""
"SOFT-LISTEN","INDUSTRY BABY","Lil Nas X","2020's Mega Hits","1439691952",""
"SOFT-LISTEN","The Emptiness Machine","Linkin Park","2020's Mega Hits","2978105041",""
"SOFT-LISTEN","Messy","Lola Young","2020's Mega Hits + Road Trip","2815968782",""
"SOFT-LISTEN","drivers license","Olivia Rodrigo","2020's Mega Hits","1378342592",""
"SOFT-LISTEN","good 4 u","Olivia Rodrigo","2020's Mega Hits","1378342622",""
"SOFT-LISTEN","vampire","Olivia Rodrigo","2020's Mega Hits","2440763155",""
"SOFT-LISTEN","deja vu","Olivia Rodrigo","2020's Mega Hits","1378342612",""
"SOFT-LISTEN","Escapism.","RAYE","2020's Mega Hits","1925023707",""
"SOFT-LISTEN","DESPECHÁ","ROSALÍA","2020's Mega Hits + Road Trip","1841999507",""
"SOFT-LISTEN","Espresso","Sabrina Carpenter","2020's Mega Hits + Road Trip + Wedding","2743578151",""
"SOFT-LISTEN","Please Please Please","Sabrina Carpenter","2020's Mega Hits","2831602002",""
"SOFT-LISTEN","Manchild","Sabrina Carpenter","Road Trip","3400077541",""
"SOFT-LISTEN","Roses (Imanbek Remix)","SAINt JHN","2020's Mega Hits","770293952",""
"SOFT-LISTEN","A Bar Song (Tipsy)","Shaboozey","2020's Mega Hits + Road Trip","2729273551",""
"SOFT-LISTEN","Snooze","SZA","2020's Mega Hits","2055292087",""
"SOFT-LISTEN","you broke me first","Tate McRae","2020's Mega Hits","929158322",""
"SOFT-LISTEN","greedy","Tate McRae","2020's Mega Hits + Road Trip","2444176345",""
"SOFT-LISTEN","RITMO (Bad Boys For Life)","The Black Eyed Peas","2020's Mega Hits","772603752",""
"SOFT-LISTEN","Popular (From The Idol Vol. 1 Music from the HBO Original Series)","The Weeknd","2020's Mega Hits","2321977215",""
"SOFT-LISTEN","Pray For Me","The Weeknd","Songs from Movies","456011702",""
"SOFT-LISTEN","HIGHEST IN THE ROOM","Travis Scott","2020's Mega Hits","767583072",""
"SOFT-TAIL","Runnin","21 Savage","2020's Mega Hits","1097090192",""
"SOFT-TAIL","I Believe","Andrew Rannells","Broadway","393557252",""
"SOFT-TAIL","I Can Do Better Than That","Anna Kendrick","Broadway","422982482",""
"SOFT-TAIL","positions","Ariana Grande","2020's Mega Hits","1118160622",""
"SOFT-TAIL","motive","Ariana Grande","2020's Mega Hits","1126047062",""
"SOFT-TAIL","34+35","Ariana Grande","2020's Mega Hits","1126047052",""
"SOFT-TAIL","yes, and?","Ariana Grande","2020's Mega Hits","2614318122",""
"SOFT-TAIL","ROXANNE","Arizona Zervas","2020's Mega Hits","806698322",""
"SOFT-TAIL","La Difícil","Bad Bunny","2020's Mega Hits","889550862",""
"SOFT-TAIL","Safaera","Bad Bunny","2020's Mega Hits","889550982",""
"SOFT-TAIL","Rich","Bea","Road Trip","3841227291",""
"SOFT-TAIL","Supalonely","BENEE","2020's Mega Hits","802283032",""
"SOFT-TAIL","CUFF IT","Beyoncé","2020's Mega Hits + Road Trip","1842063487",""
"SOFT-TAIL","Rien à fêter","Camille Yembe","Road Trip","3918156161",""
"SOFT-TAIL","Casual","Chappell Roan","2020's Mega Hits","2454854775",""
"SOFT-TAIL","Femininomenon","Chappell Roan","2020's Mega Hits","2454854735",""
"SOFT-TAIL","360","Charli xcx","2020's Mega Hits","2833834772",""
"SOFT-TAIL","Von dutch","Charli xcx","2020's Mega Hits","2833834822",""
"SOFT-TAIL","Doses & Mimosas","Cherub","Road Trip","71415361",""
"SOFT-TAIL","Players","Coi Leray","2020's Mega Hits","2032141427",""
"SOFT-TAIL","ROCKSTAR","DaBaby","2020's Mega Hits","932661672",""
"SOFT-TAIL","POPSTAR (feat. Drake)","DJ Khaled","2020's Mega Hits","1024107672",""
"SOFT-TAIL","Kiss Me More (feat. SZA)","Doja Cat","2020's Mega Hits","1410738172",""
"SOFT-TAIL","Agora Hills","Doja Cat","2020's Mega Hits","2459517745",""
"SOFT-TAIL","Boyfriend","Dove Cameron","2020's Mega Hits","1649426332",""
"SOFT-TAIL","Toosie Slide","Drake","2020's Mega Hits","919708552",""
"SOFT-TAIL","Laugh Now Cry Later","Drake","2020's Mega Hits","1050306812",""
"SOFT-TAIL","First Person Shooter","Drake","2020's Mega Hits","2486117571",""
"SOFT-TAIL","Way 2 Sexy","Drake","2020's Mega Hits","1484144862",""
"SOFT-TAIL","Really, Really","Dreamer Isioma","Road Trip","2024029837",""
"SOFT-TAIL","Godzilla","Eminem","2020's Mega Hits","854914322",""
"SOFT-TAIL","I Want","Enny","Road Trip","1355405782",""
"SOFT-TAIL","I'm your first","flowerovlove","Road Trip","3531126261",""
"SOFT-TAIL","Life Is Good (feat. Drake)","Future","2020's Mega Hits","847699482",""
"SOFT-TAIL","WAIT FOR U (feat. Drake & Tems)","Future","2020's Mega Hits","1741794687",""
"SOFT-TAIL","abcdefu (angrier)","GAYLE","2020's Mega Hits","1490027892",""
"SOFT-TAIL","First Class","Jack Harlow","2020's Mega Hits","1711360637",""
"SOFT-TAIL","Victoria's Secret","Jax","2020's Mega Hits","1801761047",""
"SOFT-TAIL","King's Dead","Jay Rock","Songs from Movies","456965102",""
"SOFT-TAIL","Wild Ones","Jessie Murph","2020's Mega Hits","2480796901",""
"SOFT-TAIL","Welcome To The Rock","Joel Hatch","Broadway","143785152",""
"SOFT-TAIL","Everyone's a Little Bit Racist","John Tartaglia","Broadway","628506",""
"SOFT-TAIL","Greased Lightnin' (From “Grease”)","John Travolta","Broadway","781563102",""
"SOFT-TAIL","Wishing Well","Juice WRLD","2020's Mega Hits","1016968532",""
"SOFT-TAIL","Seven (feat. Latto)","JUNG KOOK","2020's Mega Hits","2364618815",""
"SOFT-TAIL","Lonely","Justin Bieber","2020's Mega Hits","1110767312",""
"SOFT-TAIL","Proud Family (feat. Kenneth Cole)","Justus","Classic TV Themes","458743562",""
"SOFT-TAIL","Cowboys Cry Too (with Noah Kahan)","Kelsea Ballerini","2020's Mega Hits","2853023522",""
"SOFT-TAIL","All The Stars (From ""Black Panther: The Album"")","Kendrick Lamar","Songs from Movies","456965032",""
"SOFT-TAIL","High Road","Koe Wetzel","2020's Mega Hits","2832264262",""
"SOFT-TAIL","Get Low","Lil Jon & The East Side Boyz","Wedding","2591105",""
"SOFT-TAIL","Blueberry Faygo","Lil Mosey","2020's Mega Hits","867095322",""
"SOFT-TAIL","THATS WHAT I WANT","Lil Nas X","2020's Mega Hits","1493915892",""
"SOFT-TAIL","My Shot","Lin-Manuel Miranda","Broadway + Songs from Movies","107832272",""
"SOFT-TAIL","Truth Hurts","Lizzo","2020's Mega Hits","407250732",""
"SOFT-TAIL","Juice","Lizzo","2020's Mega Hits","666286232",""
"SOFT-TAIL","If We Ever Broke Up","Mae Stephens","2020's Mega Hits","2135303217",""
"SOFT-TAIL","Mamushi (feat. Yuki Chiba)","Megan Thee Stallion","2020's Mega Hits","2867606132",""
"SOFT-TAIL","Sweetest Pie","Megan Thee Stallion","2020's Mega Hits","1679489667",""
"SOFT-TAIL","Play Date","Melanie Martinez","2020's Mega Hits","105286434",""
"SOFT-TAIL","brutal","Olivia Rodrigo","2020's Mega Hits","1378342572",""
"SOFT-TAIL","bad idea right?","Olivia Rodrigo","2020's Mega Hits","2440763145",""
"SOFT-TAIL","Never Gonna Not Dance Again","P!nk","2020's Mega Hits","1992816487",""
"SOFT-TAIL","Boy's a liar Pt. 2","PinkPantheress","2020's Mega Hits","2106386037",""
"SOFT-TAIL","Sky","Playboi Carti","2020's Mega Hits","1189531242",""
"SOFT-TAIL","I Had Some Help","Post Malone","2020's Mega Hits","2780753191",""
"SOFT-TAIL","Chemical","Post Malone","2020's Mega Hits","2235565007",""
"SOFT-TAIL","I Like You (A Happier Song)","Post Malone","2020's Mega Hits","1775918667",""
"SOFT-TAIL","Not My Fault","Reneé Rapp","2020's Mega Hits","2585772662",""
"SOFT-TAIL","Pretty Girls","Reneé Rapp","2020's Mega Hits","2407557495",""
"SOFT-TAIL","High Fashion (feat. Mustard)","Roddy Ricch","2020's Mega Hits","825987082",""
"SOFT-TAIL","Feather","Sabrina Carpenter","2020's Mega Hits","2185094157",""
"SOFT-TAIL","Party Girl","StaySolidRocky","2020's Mega Hits","936617182",""
"SOFT-TAIL","Hit Different (feat. Ty Dolla $ign, The Neptunes & Pharrell Williams)","SZA","2020's Mega Hits","1068098412",""
"SOFT-TAIL","Good Days","SZA","2020's Mega Hits","1189202982",""
"SOFT-TAIL","Nobody Gets Me","SZA","2020's Mega Hits","2055292147",""
"SOFT-TAIL","exes","Tate McRae","2020's Mega Hits","2537957421",""
"SOFT-TAIL","Karma","Taylor Swift","2020's Mega Hits","1977132317",""
"SOFT-TAIL","I Think I Like You","The Band Camino","2020's Mega Hits","1477894832",""
"SOFT-TAIL","MAMACITA","The Black Eyed Peas","2020's Mega Hits","921104532",""
"SOFT-TAIL","WITHOUT YOU","The Kid LAROI","2020's Mega Hits","1445417732",""
"SOFT-TAIL","THE SCOTTS","THE SCOTTS ","2020's Mega Hits","939689012",""
"SOFT-TAIL","In Your Eyes","The Weeknd","2020's Mega Hits","908859862",""
"SOFT-TAIL","On My Mama","Victoria Monét","2020's Mega Hits","2309351085",""
"LIKELY-CLEAN","Ghost Town","Adam Lambert","Road Trip","101819685",""
"LIKELY-CLEAN","Don't Remind Me","Amber Mark","Road Trip","3586146921",""
"LIKELY-CLEAN","Dreams","Beck","Road Trip","414880992",""
"LIKELY-CLEAN","Hurricane","Bob Dylan","70's Mega Hits","15347259",""
"LIKELY-CLEAN","Slide (feat. Frank Ocean & Migos)","Calvin Harris","Road Trip","142844852",""
"LIKELY-CLEAN","Feels (feat. Pharrell Williams, Katy Perry & Big Sean)","Calvin Harris","Road Trip","374051471",""
"LIKELY-CLEAN","Cold War","Cautious Clay","Road Trip","3427807231",""
"LIKELY-CLEAN","The Mother We Share","CHVRCHES","Road Trip","3025690811",""
"LIKELY-CLEAN","Some Nights","fun.","Road Trip","16501727",""
"LIKELY-CLEAN","New Gold (feat. Tame Impala and Bootie Brown)","Gorillaz","Road Trip","1878740837",""
"LIKELY-CLEAN","Good Riddance (Time of Your Life)","Green Day","Wedding","778429",""
"LIKELY-CLEAN","You're Beautiful","James Blunt","Wedding","2659940",""
"LIKELY-CLEAN","1950","King Princess","Road Trip","463268972",""
"LIKELY-CLEAN","Paris","Magic Man","Road Trip","70368139",""
"LIKELY-CLEAN","Sugar","Maroon 5","Road Trip","100052800",""
"LIKELY-CLEAN","Time to Pretend","MGMT","Road Trip","536481",""
"LIKELY-CLEAN","Time of Our Lives","Ne-Yo","Wedding","89597767",""
"LIKELY-CLEAN","American Cars","Noah Kahan","Road Trip","3979667761",""
"LIKELY-CLEAN","Dial Drunk","Noah Kahan","Road Trip","2368216925",""
"LIKELY-CLEAN","Hey Ya!","OutKast","Wedding","628266",""
"LIKELY-CLEAN","Money","Pink Floyd","70's Mega Hits","116914026",""
"LIKELY-CLEAN","touch tank","Quinnie","Road Trip","1881696997",""
"LIKELY-CLEAN","Bad Habit","Steve Lacy","2020's Mega Hits","1805106587",""
"LIKELY-CLEAN","Helmet","Steve Lacy","Road Trip","1817216157",""
"LIKELY-CLEAN","Dracula (JENNIE Remix)","Tame Impala","Road Trip","3818963601",""
"LIKELY-CLEAN","The Less I Know The Better","Tame Impala","Road Trip","103052662",""
"LIKELY-CLEAN","Post Break-Up Sex","The Vaccines","Road Trip","941198052",""
"LIKELY-CLEAN","Who Are You","The Who","Classic TV Themes","540165792",""
"LIKELY-CLEAN","Another Love","Tom Odell","Road Trip","65723649",""
"LIKELY-CLEAN","East Side of Sorrow","Zach Bryan","Road Trip","2417266215",""
