OriginalTitle,OriginalArtist,OriginalDeezerId,OriginalRank,AlternativeTitle,AlternativeArtist,AlternativeAlbum,AlternativeDeezerId,AlternativeRank,AlternativeDurationSec,AlternativeExplicit,DeezerTrackUrl,AlternativePreviewUrl,ConfidenceNote
"(gap)","","","","Forever Young","Alphaville","Forever Young","698274","960598","226","false","https://www.deezer.com/us/track/698274","https://cdnt-preview.dzcdn.net/api/1/1/7/f/0/0/7f02fea4b9542f7219e32b30a0b50e60.mp3?hdnea=exp=1781297467~acl=/api/1/1/7/f/0/0/7f02fea4b9542f7219e32b30a0b50e60.mp3*~data=user_id=0,application_id=42~hmac=352f1eaa1234f13dd29354ea5710d6b6f50e12c582ad5fb0d64965a7ace68537","On 4 editorial lists"
"(gap)","","","","Just the Two of Us (feat. Bill Withers)","Grover Washington, Jr.","Love Songs","3085246","805750","438","false","https://www.deezer.com/us/track/3085246","https://cdnt-preview.dzcdn.net/api/1/1/3/5/c/0/35c48941902a315d9bb277dcfa0614a9.mp3?hdnea=exp=1781297467~acl=/api/1/1/3/5/c/0/35c48941902a315d9bb277dcfa0614a9.mp3*~data=user_id=0,application_id=42~hmac=f19f7305bb1149d8a7436aa2717e0c30a6cc05c4f715ba04b46def30235346ba","On 3 editorial lists"
"(gap)","","","","Woman In Love","Barbra Streisand","The Essential Barbra Streisand","625398","784503","231","false","https://www.deezer.com/us/track/625398","https://cdnt-preview.dzcdn.net/api/1/1/7/9/3/0/7930130f3a1f8c4c1686cd53e463d3f5.mp3?hdnea=exp=1781297467~acl=/api/1/1/7/9/3/0/7930130f3a1f8c4c1686cd53e463d3f5.mp3*~data=user_id=0,application_id=42~hmac=336f950700bfee581d9a924216b746d523e6972a535ec34bd86f54641328663a","On 3 editorial lists"
"(gap)","","","","Sweet Love","Anita Baker","Rapture","717534","669406","266","false","https://www.deezer.com/us/track/717534","https://cdnt-preview.dzcdn.net/api/1/1/a/6/a/0/a6a2f8d1ed2606a7fb6bb006d87d70d6.mp3?hdnea=exp=1781297467~acl=/api/1/1/a/6/a/0/a6a2f8d1ed2606a7fb6bb006d87d70d6.mp3*~data=user_id=0,application_id=42~hmac=037f85420caeb4930da3d39f83ad74c51447d251e6e0a376ba74881d0de5dccb","On 3 editorial lists"
"(gap)","","","","Wind Beneath My Wings","Bette Midler","Experience The Divine (Greatest Hits)","3616256","583594","293","false","https://www.deezer.com/us/track/3616256","https://cdnt-preview.dzcdn.net/api/1/1/f/3/c/0/f3c8c2f8c0625f783bad1996ed91f476.mp3?hdnea=exp=1781297467~acl=/api/1/1/f/3/c/0/f3c8c2f8c0625f783bad1996ed91f476.mp3*~data=user_id=0,application_id=42~hmac=3a346caf776ef4349624cf1039bb3733abde1581a1a5ed05efb0cb06cbefaaa4","On 3 editorial lists"
"(gap)","","","","A Forest","The Cure","Seventeen Seconds","2498167","913022","355","false","https://www.deezer.com/us/track/2498167","https://cdnt-preview.dzcdn.net/api/1/1/3/2/7/0/327522f47155f873083b5e0091477f4a.mp3?hdnea=exp=1781297470~acl=/api/1/1/3/2/7/0/327522f47155f873083b5e0091477f4a.mp3*~data=user_id=0,application_id=42~hmac=71b874fe394bb6266028c885ac5b827920707f16be15a81d18f2ec277586346e","On 2 editorial lists"
"(gap)","","","","Paradise City","Guns N' Roses","Appetite For Destruction (Super Deluxe Edition)","518458142","875943","406","false","https://www.deezer.com/us/track/518458142","https://cdnt-preview.dzcdn.net/api/1/1/9/c/8/0/9c8ef7fd15bb502b764c0551a3c9306f.mp3?hdnea=exp=1781297470~acl=/api/1/1/9/c/8/0/9c8ef7fd15bb502b764c0551a3c9306f.mp3*~data=user_id=0,application_id=42~hmac=b9fc662064193cebaa3455ade324841a718785568f096e68da741b3093454e06","On 2 editorial lists"
"(gap)","","","","Words (Original Version 1983)","F.R. David","Words (Original Album)","5367498","797901","208","false","https://www.deezer.com/us/track/5367498","https://cdnt-preview.dzcdn.net/api/1/1/e/9/4/0/e94d35f29a7b6829fec06f38c142c768.mp3?hdnea=exp=1781297469~acl=/api/1/1/e/9/4/0/e94d35f29a7b6829fec06f38c142c768.mp3*~data=user_id=0,application_id=42~hmac=530d9f2eb75a758834b046fd5dba4f2dd25e2526627dc9e4024f1801a4aa3f0f","On 2 editorial lists"
"(gap)","","","","This Charming Man (Single Version; 2008 Remaster)","The Smiths","The Sound of the Smiths (Deluxe; 2008 Remaster)","5093604","779634","163","false","https://www.deezer.com/us/track/5093604","https://cdnt-preview.dzcdn.net/api/1/1/c/b/8/0/cb836f510f8aa8c754947b692d480df5.mp3?hdnea=exp=1781297472~acl=/api/1/1/c/b/8/0/cb836f510f8aa8c754947b692d480df5.mp3*~data=user_id=0,application_id=42~hmac=44bb755e4bae2ce34a0bb8c95a27c6937d29831fddf98cacbdb1ff5e8d254593","On 2 editorial lists"
"(gap)","","","","Don't Worry Be Happy","Bobby McFerrin","Simple Pleasures","3127387","757614","288","false","https://www.deezer.com/us/track/3127387","https://cdnt-preview.dzcdn.net/api/1/1/7/e/1/0/7e1118a5e2b38f81b06e5b99a0e71b64.mp3?hdnea=exp=1781297467~acl=/api/1/1/7/e/1/0/7e1118a5e2b38f81b06e5b99a0e71b64.mp3*~data=user_id=0,application_id=42~hmac=c06772a6201bb62ae0ea88fa2e2dd839f824698b6c50a58be69189eaaa79f69b","On 2 editorial lists"
"(gap)","","","","Little Lies (2017 Remaster)","Fleetwood Mac","Tango in the Night (2017 Remaster)","341017571","741542","221","false","https://www.deezer.com/us/track/341017571","https://cdnt-preview.dzcdn.net/api/1/1/0/4/c/0/04ca57aa206b1f2a48acda1d53a0362c.mp3?hdnea=exp=1781297468~acl=/api/1/1/0/4/c/0/04ca57aa206b1f2a48acda1d53a0362c.mp3*~data=user_id=0,application_id=42~hmac=e005a582a124c508085e4daf372c18cccd56aa973a3a3ad67d3ea4d33dea4662","On 2 editorial lists"
"(gap)","","","","Wonderful Life","Black","Wonderful Life","2535353","740985","289","false","https://www.deezer.com/us/track/2535353","https://cdnt-preview.dzcdn.net/api/1/1/b/4/9/0/b49b936418ca34639c8ba856ca482ca9.mp3?hdnea=exp=1781297467~acl=/api/1/1/b/4/9/0/b49b936418ca34639c8ba856ca482ca9.mp3*~data=user_id=0,application_id=42~hmac=0a4f2f275d0d5b5c442978017f32e02ee9271ae5dce68ad3fcffa66cca2c7926","On 2 editorial lists"
"(gap)","","","","Islands In the Stream","Dolly Parton","The Very Best Of Dolly Parton","989305","729110","249","false","https://www.deezer.com/us/track/989305","https://cdnt-preview.dzcdn.net/api/1/1/3/a/b/0/3ab0091d19443965e9f093c018f5b4e0.mp3?hdnea=exp=1781297469~acl=/api/1/1/3/a/b/0/3ab0091d19443965e9f093c018f5b4e0.mp3*~data=user_id=0,application_id=42~hmac=542896d80ef7c9d97e95e70a7b2a10c4602379af1066809bac296d320ae15ac5","On 2 editorial lists"
"(gap)","","","","Why ?","Bronski Beat","The Very Best Of Jimmy Somerville, Bronski Beat & The Communards","428735752","728457","243","false","https://www.deezer.com/us/track/428735752","https://cdnt-preview.dzcdn.net/api/1/1/d/0/4/0/d04607c684fe1aa22652c9ca792b0e16.mp3?hdnea=exp=1781297469~acl=/api/1/1/d/0/4/0/d04607c684fe1aa22652c9ca792b0e16.mp3*~data=user_id=0,application_id=42~hmac=4b289ae537210bec5cc2eab440af6dc7d8a92ceef38369e8a4bb823b8e1dfb02","On 2 editorial lists"
"(gap)","","","","Buffalo Soldier","Bob Marley & The Wailers","Legend - The Best Of Bob Marley And The Wailers","530300651","650560","256","false","https://www.deezer.com/us/track/530300651","https://cdnt-preview.dzcdn.net/api/1/1/0/6/1/0/0618c101cb1b0cb2f561bcbf6caefd1f.mp3?hdnea=exp=1781297467~acl=/api/1/1/0/6/1/0/0618c101cb1b0cb2f561bcbf6caefd1f.mp3*~data=user_id=0,application_id=42~hmac=b15375f21896ae519409a1f63b47ea66755868beefa9f9cab082a9edbb2f03e0","On 2 editorial lists"
"(gap)","","","","The Tide Is High","Blondie","Essential","13569204","602838","279","false","https://www.deezer.com/us/track/13569204","https://cdnt-preview.dzcdn.net/api/1/1/8/e/8/0/8e85892b09919411674c15777312e6b1.mp3?hdnea=exp=1781297467~acl=/api/1/1/8/e/8/0/8e85892b09919411674c15777312e6b1.mp3*~data=user_id=0,application_id=42~hmac=3569d00603eff4446b091be913988effdec553cca24b563be3acbf524d75a51a","On 2 editorial lists"
"(gap)","","","","Flashdance... What A Feeling ('95 Version)","Irene Cara","Dance #1's","906571","571914","226","false","https://www.deezer.com/us/track/906571","https://cdnt-preview.dzcdn.net/api/1/1/e/9/1/0/e91401102b325d064f2e704d29ae19ed.mp3?hdnea=exp=1781297469~acl=/api/1/1/e/9/1/0/e91401102b325d064f2e704d29ae19ed.mp3*~data=user_id=0,application_id=42~hmac=62514052ccf31e65c22cff753fb5b5716b893d5b945294e369179b039fbeb2f9","On 2 editorial lists"
"(gap)","","","","Rock Wit'cha","Bobby Brown","Don't Be Cruel (Expanded Edition)","921945602","560833","287","false","https://www.deezer.com/us/track/921945602","https://cdnt-preview.dzcdn.net/api/1/1/7/7/f/0/77f1a9c9ed8a31af95d0e91f94b7f4b1.mp3?hdnea=exp=1781297469~acl=/api/1/1/7/7/f/0/77f1a9c9ed8a31af95d0e91f94b7f4b1.mp3*~data=user_id=0,application_id=42~hmac=8eaa25dd89e04c741be64065c49ca2b81ecbabedfd737b6284be6a77506a03df","On 2 editorial lists"
"(gap)","","","","She Can't Love You","Chemise","Classics Funky Music, Vol. 2","67882794","559684","310","false","https://www.deezer.com/us/track/67882794","https://cdnt-preview.dzcdn.net/api/1/1/e/7/a/0/e7af7717d61921f422ffb646f36cf909.mp3?hdnea=exp=1781297469~acl=/api/1/1/e/7/a/0/e7af7717d61921f422ffb646f36cf909.mp3*~data=user_id=0,application_id=42~hmac=14afabe4ddc03e3f99ace2836ca2bfc30b72dae0f775bee12ff5e6a251052c8d","On 2 editorial lists"
"(gap)","","","","Everything I Own","Boy George","Spin Dazzle - The Best Of Boy George And Culture Club","3152786","554876","235","false","https://www.deezer.com/us/track/3152786","https://cdnt-preview.dzcdn.net/api/1/1/f/9/5/0/f95f572fdf48f9dbe139e4432e92d134.mp3?hdnea=exp=1781297469~acl=/api/1/1/f/9/5/0/f95f572fdf48f9dbe139e4432e92d134.mp3*~data=user_id=0,application_id=42~hmac=b9444287991cbfee91df01a7c1ca653b1d1b9224d8c6d3ac5e44110e105b5b83","On 2 editorial lists"
"(gap)","","","","Biggest Part of Me","Ambrosia","Biggest Part Of Me / Livin' On My Own","5195736","533635","324","false","https://www.deezer.com/us/track/5195736","https://cdnt-preview.dzcdn.net/api/1/1/a/6/f/0/a6fac0c390dd01b414bfaf1ef53898e3.mp3?hdnea=exp=1781297467~acl=/api/1/1/a/6/f/0/a6fac0c390dd01b414bfaf1ef53898e3.mp3*~data=user_id=0,application_id=42~hmac=1589f081bef26ad511c30a29ab5d5b11c3d2a9cb3a72cf22e5cbb1fd6d4f51db","On 2 editorial lists"
"(gap)","","","","A quién le importa","Alaska Y Dinarama","A Quién Le Importa","3370926","530623","205","false","https://www.deezer.com/us/track/3370926","https://cdnt-preview.dzcdn.net/api/1/1/a/4/0/0/a40c307e38864e78dab051599c8d64ef.mp3?hdnea=exp=1781297469~acl=/api/1/1/a/4/0/0/a40c307e38864e78dab051599c8d64ef.mp3*~data=user_id=0,application_id=42~hmac=3bb3fef9c1f8002d8cfc968d3593e72d1e3048c5b2ccb7be4f3e6307667440ef","On 2 editorial lists"
"(gap)","","","","Every Woman in the World","Air Supply","The Essential Air Supply","79542990","494094","205","false","https://www.deezer.com/us/track/79542990","https://cdnt-preview.dzcdn.net/api/1/1/1/f/d/0/1fd7502c8749dbd7d897c347b01778ec.mp3?hdnea=exp=1781297467~acl=/api/1/1/1/f/d/0/1fd7502c8749dbd7d897c347b01778ec.mp3*~data=user_id=0,application_id=42~hmac=5760e41254517d1bf0f313a1bda753aa2a14c92e85624bb63af83b01ed83e6dd","On 2 editorial lists"
"(gap)","","","","China Girl (Single Version; 2014 Remaster)","David Bowie","Legacy (The Very Best Of David Bowie, Deluxe)","2173385657","231448","255","false","https://www.deezer.com/us/track/2173385657","https://cdnt-preview.dzcdn.net/api/1/1/6/5/7/0/65700d88feb7ac20d8652894d954df56.mp3?hdnea=exp=1781297468~acl=/api/1/1/6/5/7/0/65700d88feb7ac20d8652894d954df56.mp3*~data=user_id=0,application_id=42~hmac=0be3a2a5f11a42b6ae36b5298b98849c6f82171505847e6959c84b79a4b55e14","On 2 editorial lists"
"(gap)","","","","I Ran (So Far Away)","A Flock Of Seagulls","We Are The '80s","1025577","7872","300","false","https://www.deezer.com/us/track/1025577","https://cdnt-preview.dzcdn.net/api/1/1/1/1/4/0/114a6f4166ad3f1be8bbc0866ec95d0a.mp3?hdnea=exp=1781297467~acl=/api/1/1/1/1/4/0/114a6f4166ad3f1be8bbc0866ec95d0a.mp3*~data=user_id=0,application_id=42~hmac=e5fbdd681b7af88da57903b62593e387eb666ecab5ada9bb739dd685e74e3934","On 2 editorial lists"
"(gap)","","","","Sarà perché ti amo","Ricchi E Poveri","Nur das Beste","636405","948107","189","false","https://www.deezer.com/us/track/636405","https://cdnt-preview.dzcdn.net/api/1/1/f/6/c/0/f6cfec4620f9fd54224a0cfd9b3cacff.mp3?hdnea=exp=1781297469~acl=/api/1/1/f/6/c/0/f6cfec4620f9fd54224a0cfd9b3cacff.mp3*~data=user_id=0,application_id=42~hmac=c93f2a1febc04bba8a92176f35fb6f096a792c09cea369859c682f77bba48c4d","On: 80s Pop"
"(gap)","","","","Man in the Mirror (Remastered Version)","Michael Jackson","Michael Jackson's This Is It","4603411","941472","319","false","https://www.deezer.com/us/track/4603411","https://cdnt-preview.dzcdn.net/api/1/1/e/7/4/0/e749654ab6b1ee7c11d050a3e8f0dea6.mp3?hdnea=exp=1781297471~acl=/api/1/1/e/7/4/0/e749654ab6b1ee7c11d050a3e8f0dea6.mp3*~data=user_id=0,application_id=42~hmac=814aeb81c118fe189ba207f7163fefc5c7b193e250abe72e5d21d9e744f898d7","On: 80s Ballads"
"(gap)","","","","Where Is My Mind?","Pixies","Death to the Pixies","936899","935713","229","false","https://www.deezer.com/us/track/936899","https://cdnt-preview.dzcdn.net/api/1/1/6/0/5/0/605e47103f1f9a410af3312b7e7c6161.mp3?hdnea=exp=1781297472~acl=/api/1/1/6/0/5/0/605e47103f1f9a410af3312b7e7c6161.mp3*~data=user_id=0,application_id=42~hmac=50f83438f543cb7862ec6b245adddbc7b2876d64ad2a92aa9f160ae4c8be2a9a","On: 80s Alternative"
"(gap)","","","","The Winner Takes It All","ABBA","ABBA Gold","884035","930393","296","false","https://www.deezer.com/us/track/884035","https://cdnt-preview.dzcdn.net/api/1/1/f/9/f/0/f9f04923f459973a863f4802647a248f.mp3?hdnea=exp=1781297467~acl=/api/1/1/f/9/f/0/f9f04923f459973a863f4802647a248f.mp3*~data=user_id=0,application_id=42~hmac=ae4c1627fe424667113c28cd3cedf0be135c03674e5cac4763bbf73c9d34fb27","On: 80s Hits"
"(gap)","","","","Lay All Your Love On Me","ABBA","Abba Gold Anniversary Edition","76376863","881960","274","false","https://www.deezer.com/us/track/76376863","https://cdnt-preview.dzcdn.net/api/1/1/e/7/e/0/e7ed3a8e78f5fd25ad89107175749554.mp3?hdnea=exp=1781297467~acl=/api/1/1/e/7/e/0/e7ed3a8e78f5fd25ad89107175749554.mp3*~data=user_id=0,application_id=42~hmac=adaf32798d58fb7eaefb92254d69253930cf57e189982c651fd8b907fdfb7c05","On: 80s Hits"
"(gap)","","","","Start Me Up (Remastered 2009)","The Rolling Stones","Tattoo You (2009 Re-Mastered)","4125592","872940","211","false","https://www.deezer.com/us/track/4125592","https://cdnt-preview.dzcdn.net/api/1/1/4/b/6/0/4b6b0bc274cb58262f60c72c55d87e7e.mp3?hdnea=exp=1781297470~acl=/api/1/1/4/b/6/0/4b6b0bc274cb58262f60c72c55d87e7e.mp3*~data=user_id=0,application_id=42~hmac=aaa0b050951d99afa26cbf4970009bbe6d2be083eed50bfb6aff5e20d89330ab","On: 80s Rock"
"(gap)","","","","Sunday Bloody Sunday (Remastered 2008)","U2","War (Remastered)","1579265","862402","279","false","https://www.deezer.com/us/track/1579265","https://cdnt-preview.dzcdn.net/api/1/1/3/3/0/0/3303557666f2cbbedf30a1d6d9be18b1.mp3?hdnea=exp=1781297470~acl=/api/1/1/3/3/0/0/3303557666f2cbbedf30a1d6d9be18b1.mp3*~data=user_id=0,application_id=42~hmac=a5f2989abdf41bf335a6d04dade27a73d4806c0cc535c9517d3ff48b3bebe079","On: 80s Rock"
"(gap)","","","","Cheri Cheri Lady","Modern Talking","Original 80's","74249000","859136","225","false","https://www.deezer.com/us/track/74249000","https://cdnt-preview.dzcdn.net/api/1/1/a/9/3/0/a939dde099326129621d1a2ef3190074.mp3?hdnea=exp=1781297469~acl=/api/1/1/a/9/3/0/a939dde099326129621d1a2ef3190074.mp3*~data=user_id=0,application_id=42~hmac=e548c7d6630ce991f5b2ee0e2dc9d1261a14f390ea44acea4666db6996b6a5ff","On: 80s Pop"
"(gap)","","","","Heaven","Bryan Adams","Reckless","88902737","856692","243","false","https://www.deezer.com/us/track/88902737","https://cdnt-preview.dzcdn.net/api/1/1/9/6/b/0/96b866bab06474c9e3a09a5c47fb83e2.mp3?hdnea=exp=1781297471~acl=/api/1/1/9/6/b/0/96b866bab06474c9e3a09a5c47fb83e2.mp3*~data=user_id=0,application_id=42~hmac=3cda85fca836f562a7220b91512c5f224689ccdcdcf88948d4818373ef5172d8","On: 80s Ballads"
"(gap)","","","","Baby Can I Hold You","Tracy Chapman","Tracy Chapman","2271566","835257","193","false","https://www.deezer.com/us/track/2271566","https://cdnt-preview.dzcdn.net/api/1/1/8/2/e/0/82eab5f30fd2fc3552ffc92fa11b1058.mp3?hdnea=exp=1781297471~acl=/api/1/1/8/2/e/0/82eab5f30fd2fc3552ffc92fa11b1058.mp3*~data=user_id=0,application_id=42~hmac=396c814355005303fc38056e92156ee96a16800f0cf96fa544dd2f0158daedae","On: 80s Ballads"
"(gap)","","","","Slipping Through My Fingers","ABBA","The Visitors (Deluxe Edition)","20535911","813506","233","false","https://www.deezer.com/us/track/20535911","https://cdnt-preview.dzcdn.net/api/1/1/a/f/0/0/af0462f3d681981b27a912dd1b8cd673.mp3?hdnea=exp=1781297471~acl=/api/1/1/a/f/0/0/af0462f3d681981b27a912dd1b8cd673.mp3*~data=user_id=0,application_id=42~hmac=1a67349f74bb0b4ad8d8e56090948030787b266d403f4d51a492a63f4592dd7e","On: 80s Ballads"
"(gap)","","","","Sacrifice","Elton John","Love Songs","44586841","811458","306","false","https://www.deezer.com/us/track/44586841","https://cdnt-preview.dzcdn.net/api/1/1/7/e/c/0/7ec101ee8dbdc7429f7d67c2eb32539a.mp3?hdnea=exp=1781297471~acl=/api/1/1/7/e/c/0/7ec101ee8dbdc7429f7d67c2eb32539a.mp3*~data=user_id=0,application_id=42~hmac=017f6033ea1754c0d68c37d44e7de6eb881dc90e3167979e517043e1ca3855a0","On: 80s Ballads"
"(gap)","","","","Born in the U.S.A.","Bruce Springsteen","Born In The U.S.A.","15586213","810121","279","false","https://www.deezer.com/us/track/15586213","https://cdnt-preview.dzcdn.net/api/1/1/e/4/8/0/e48e42023cd3829c4ef8a6a18031fcd1.mp3?hdnea=exp=1781297469~acl=/api/1/1/e/4/8/0/e48e42023cd3829c4ef8a6a18031fcd1.mp3*~data=user_id=0,application_id=42~hmac=40853aed3d26f50c69d00875edc9ee67ff776d2727caf05285306349efdecaef","On: 80s Party Hits"
"(gap)","","","","Master Of Puppets (Remastered)","Metallica","Master Of Puppets (Deluxe Box Set / Remastered)","424562692","781207","515","false","https://www.deezer.com/us/track/424562692","https://cdnt-preview.dzcdn.net/api/1/1/a/5/c/0/a5c94dc4c16f610f74c3980ae11dcdac.mp3?hdnea=exp=1781297471~acl=/api/1/1/a/5/c/0/a5c94dc4c16f610f74c3980ae11dcdac.mp3*~data=user_id=0,application_id=42~hmac=14cec290cead90e80f0a4049fd528c1417cd7cd5c21974730d6413eb2676a393","On: 80s Ballads"
"(gap)","","","","Mad World","Tears For Fears","The Hurting","1090633","767993","215","false","https://www.deezer.com/us/track/1090633","https://cdnt-preview.dzcdn.net/api/1/1/1/f/1/0/1f1f037183fda41ecba9e2cd9b7f498a.mp3?hdnea=exp=1781297472~acl=/api/1/1/1/f/1/0/1f1f037183fda41ecba9e2cd9b7f498a.mp3*~data=user_id=0,application_id=42~hmac=15a53cae110867dc072c9b46ade22f078b650c97263ec4b112b6fa9d5265cfaf","On: 80s Alternative"
"(gap)","","","","Say You, Say Me","Lionel Richie","Dancing On The Ceiling (Expanded Edition)","905697","763362","244","false","https://www.deezer.com/us/track/905697","https://cdnt-preview.dzcdn.net/api/1/1/b/3/4/0/b341b99334dca61023aaa730b128d14c.mp3?hdnea=exp=1781297471~acl=/api/1/1/b/3/4/0/b341b99334dca61023aaa730b128d14c.mp3*~data=user_id=0,application_id=42~hmac=7a04283d824df57db24af68620bfe7e3cf01c2603541586a11ce8b63c6d70942","On: 80s Ballads"
"(gap)","","","","Babooshka","Kate Bush","Never for Ever","3127829","748934","209","false","https://www.deezer.com/us/track/3127829","https://cdnt-preview.dzcdn.net/api/1/1/7/5/1/0/7518bb4b05286a39390add6992a3950c.mp3?hdnea=exp=1781297472~acl=/api/1/1/7/5/1/0/7518bb4b05286a39390add6992a3950c.mp3*~data=user_id=0,application_id=42~hmac=a4744076003ec4b4a806a0270913b322ee9089754a7eed24f35b6f1d3fbe846f","On: 80s Alternative"
"(gap)","","","","Exagerado","Cazuza","Exagerado","69323110","714844","222","false","https://www.deezer.com/us/track/69323110","https://cdnt-preview.dzcdn.net/api/1/1/3/2/8/0/3285b0bbb802faa23f77edc5f713bdf9.mp3?hdnea=exp=1781297467~acl=/api/1/1/3/2/8/0/3285b0bbb802faa23f77edc5f713bdf9.mp3*~data=user_id=0,application_id=42~hmac=39157ae01b07db678179a710d004b0c427585700386c0570fddc7a2eb3f27cc3","On: 80s Hits"
"(gap)","","","","Here Comes Your Man","Pixies","Doolittle","945389","698311","201","false","https://www.deezer.com/us/track/945389","https://cdnt-preview.dzcdn.net/api/1/1/0/9/9/0/09994f4378d6cec873ad66c8cca8ac5b.mp3?hdnea=exp=1781297472~acl=/api/1/1/0/9/9/0/09994f4378d6cec873ad66c8cca8ac5b.mp3*~data=user_id=0,application_id=42~hmac=1b9cb87e312410ea382612e76f8edfb33b17fa12832b2da4a1b23a099679312a","On: 80s Alternative"
"(gap)","","","","Too Shy","Kajagoogoo","White Feathers","3357587","698215","221","false","https://www.deezer.com/us/track/3357587","https://cdnt-preview.dzcdn.net/api/1/1/8/a/6/0/8a6177cb558126b1cc321ed97953dfb4.mp3?hdnea=exp=1781297468~acl=/api/1/1/8/a/6/0/8a6177cb558126b1cc321ed97953dfb4.mp3*~data=user_id=0,application_id=42~hmac=8d41eaff11d88ebf885358cb411824d2a6665be10380008e1c03484fec9e958e","On: 80s HITS - 100 Greatest Songs of the 1980s"
"(gap)","","","","For Those About to Rock (We Salute You)","AC/DC","For Those About to Rock (We Salute You)","92720016","678095","343","false","https://www.deezer.com/us/track/92720016","https://cdnt-preview.dzcdn.net/api/1/1/7/7/9/0/779cc7efcd7a52d65532ea54bbebb1e5.mp3?hdnea=exp=1781297470~acl=/api/1/1/7/7/9/0/779cc7efcd7a52d65532ea54bbebb1e5.mp3*~data=user_id=0,application_id=42~hmac=1397df016fdf533f53bea07521c04e8260c104b5ef05014a1cf0236e4b135de4","On: 80s Rock"
"(gap)","","","","Such a Shame (Original Version)","Talk Talk","The Very Best Of","3129547","672714","266","false","https://www.deezer.com/us/track/3129547","https://cdnt-preview.dzcdn.net/api/1/1/e/6/e/0/e6e2edbaf2a59daf196be175ece98b44.mp3?hdnea=exp=1781297472~acl=/api/1/1/e/6/e/0/e6e2edbaf2a59daf196be175ece98b44.mp3*~data=user_id=0,application_id=42~hmac=bd488578dd8cb885ef4eb92873b64fc52ecdbe89dc614c1fa3579fe31d27d8a2","On: 80s Alternative"
"(gap)","","","","Major Tom","Peter Schilling","Major Tom","122357172","669187","273","false","https://www.deezer.com/us/track/122357172","https://cdnt-preview.dzcdn.net/api/1/1/3/a/f/0/3af5ddb9cd69a31b8fad80dc80f0bf80.mp3?hdnea=exp=1781297472~acl=/api/1/1/3/a/f/0/3af5ddb9cd69a31b8fad80dc80f0bf80.mp3*~data=user_id=0,application_id=42~hmac=f786e85f2cf20dc24afefd4ea8b6fd0da5da2e5aa9d50e40446144c955b47bf2","On: 80s Alternative"
"(gap)","","","","Square Rooms","Al Corley","Square Rooms","124197164","667991","221","false","https://www.deezer.com/us/track/124197164","https://cdnt-preview.dzcdn.net/api/1/1/9/3/1/0/931ed0dbfd6dca889e789e5afe15b67e.mp3?hdnea=exp=1781297469~acl=/api/1/1/9/3/1/0/931ed0dbfd6dca889e789e5afe15b67e.mp3*~data=user_id=0,application_id=42~hmac=125d82bc2661d492b18d4fafabb5de2ab822561f8871560eeda894e8d2e9f0c9","On: 80s Pop"
"(gap)","","","","Wish You Were Here","Bee Gees","One","139138685","661812","285","false","https://www.deezer.com/us/track/139138685","https://cdnt-preview.dzcdn.net/api/1/1/0/7/d/0/07dcec9389345eb577f7ed4646b63317.mp3?hdnea=exp=1781297471~acl=/api/1/1/0/7/d/0/07dcec9389345eb577f7ed4646b63317.mp3*~data=user_id=0,application_id=42~hmac=a2e3bb29a5673f820612b6ce95c050d40df7c5dda80892744a441daed42a0d4d","On: 80s Ballads"
"(gap)","","","","Guilty (feat. Barry Gibb)","Barbra Streisand","Guilty","1081069","655103","264","false","https://www.deezer.com/us/track/1081069","https://cdnt-preview.dzcdn.net/api/1/1/6/d/b/0/6dbb2c4b9c96584a6bb1f1f89a0a409c.mp3?hdnea=exp=1781297471~acl=/api/1/1/6/d/b/0/6dbb2c4b9c96584a6bb1f1f89a0a409c.mp3*~data=user_id=0,application_id=42~hmac=2af1e796c0f172e529cfc60b9a888b351a8ba1d55bf14883c9c70609dcf54756","On: 80s Ballads"
"(gap)","","","","Pictures Of You (Remastered)","The Cure","Disintegration (Deluxe Edition)","6215171","654570","448","false","https://www.deezer.com/us/track/6215171","https://cdnt-preview.dzcdn.net/api/1/1/a/8/4/0/a8481118ab1050572cff39671318d755.mp3?hdnea=exp=1781297472~acl=/api/1/1/a/8/4/0/a8481118ab1050572cff39671318d755.mp3*~data=user_id=0,application_id=42~hmac=09d85b19d5720613d7f00fa5e6faf8f032199c50edf578dcc57fbe69d2e53436","On: 80s Alternative"
"(gap)","","","","Unchain My Heart","Joe Cocker","Greatest Hits","3104720","653699","304","false","https://www.deezer.com/us/track/3104720","https://cdnt-preview.dzcdn.net/api/1/1/a/5/a/0/a5ae73b4919070896b03913e08e97097.mp3?hdnea=exp=1781297470~acl=/api/1/1/a/5/a/0/a5ae73b4919070896b03913e08e97097.mp3*~data=user_id=0,application_id=42~hmac=d27a38de7c7da7b229db10910b32616b57dcbfa1adc8cf733fe714939c812b80","On: 80s Rock"
"(gap)","","","","The Way You Make Me Feel (Remastered Version)","Michael Jackson","Michael Jackson's This Is It","4603401","652643","298","false","https://www.deezer.com/us/track/4603401","https://cdnt-preview.dzcdn.net/api/1/1/c/a/e/0/caea09e02d034aeec1f5c43d13f18648.mp3?hdnea=exp=1781297469~acl=/api/1/1/c/a/e/0/caea09e02d034aeec1f5c43d13f18648.mp3*~data=user_id=0,application_id=42~hmac=80cbff0f527d26fcbc4a135b1cebf274833e74265796dd6d5596bd9d8070d93b","On: 80s Party Hits"
"(gap)","","","","She Sells Sanctuary","The Cult","Love","105426372","647206","252","false","https://www.deezer.com/us/track/105426372","https://cdnt-preview.dzcdn.net/api/1/1/0/0/4/0/004fec98be67b42115d47c868fc977e2.mp3?hdnea=exp=1781297470~acl=/api/1/1/0/0/4/0/004fec98be67b42115d47c868fc977e2.mp3*~data=user_id=0,application_id=42~hmac=20cbf51bcd4f234187d47f41441b845b9bc226a90cb8d2237975754073bcf8fb","On: 80s Rock"
"(gap)","","","","Photograph","Def Leppard","Pyromania","447557232","645470","247","false","https://www.deezer.com/us/track/447557232","https://cdnt-preview.dzcdn.net/api/1/1/7/7/4/0/774dfc4e43e997b2d1eb0ed465c5e23c.mp3?hdnea=exp=1781297470~acl=/api/1/1/7/7/4/0/774dfc4e43e997b2d1eb0ed465c5e23c.mp3*~data=user_id=0,application_id=42~hmac=131c27b526cf368478e327451629f9990be08557214fa2c6440b3c1637bf4fd5","On: 80s Rock"
"(gap)","","","","Electricity","Orchestral Manoeuvres In The Dark","The OMD Singles","3156220","636026","214","false","https://www.deezer.com/us/track/3156220","https://cdnt-preview.dzcdn.net/api/1/1/c/3/6/0/c36bdb055ba4ec243ff43acf90a626ee.mp3?hdnea=exp=1781297472~acl=/api/1/1/c/3/6/0/c36bdb055ba4ec243ff43acf90a626ee.mp3*~data=user_id=0,application_id=42~hmac=7bc99160c473500ce99335dabba29bb5233defa892d3b8ae92ffd3b6ac2e222b","On: 80s Alternative"
"(gap)","","","","Solid","Ashford & Simpson","Solid","3386566","629251","306","false","https://www.deezer.com/us/track/3386566","https://cdnt-preview.dzcdn.net/api/1/1/e/b/1/0/eb1ef5bb11097d7124cbcc19fd8630e6.mp3?hdnea=exp=1781297471~acl=/api/1/1/e/b/1/0/eb1ef5bb11097d7124cbcc19fd8630e6.mp3*~data=user_id=0,application_id=42~hmac=a2e44be214d4b803cafbe7ceb5c14b840b3807055ce4483558758ef0f11120e1","On: 80s Ballads"
"(gap)","","","","Shout To The Top","The Style Council","Hit Parade (Digital Edition)","921716","623772","256","false","https://www.deezer.com/us/track/921716","https://cdnt-preview.dzcdn.net/api/1/1/c/0/d/0/c0d3fb098cd4a137c90d27023458ed77.mp3?hdnea=exp=1781297472~acl=/api/1/1/c/0/d/0/c0d3fb098cd4a137c90d27023458ed77.mp3*~data=user_id=0,application_id=42~hmac=479af79cda5b74c53b17613849a4cc48512f25f1ffdb42b686a7c3aef4532f36","On: 80s Alternative"
"(gap)","","","","The Killing Moon","Echo and the Bunnymen","Songs to Learn & Sing","751126","623313","346","false","https://www.deezer.com/us/track/751126","https://cdnt-preview.dzcdn.net/api/1/1/e/8/9/0/e89cb71822f8dd2f936b075c09f30077.mp3?hdnea=exp=1781297470~acl=/api/1/1/e/8/9/0/e89cb71822f8dd2f936b075c09f30077.mp3*~data=user_id=0,application_id=42~hmac=d7b779c82506966d6dc53aadc8ec68b3a877b79ad1dd96c1bc746c8f71580ecb","On: 80s Rock"
"(gap)","","","","Super Trouper","ABBA","Abba Gold Anniversary Edition","76376866","618357","253","false","https://www.deezer.com/us/track/76376866","https://cdnt-preview.dzcdn.net/api/1/1/6/3/6/0/6361f04a57dba95f1518773630c4f840.mp3?hdnea=exp=1781297469~acl=/api/1/1/6/3/6/0/6361f04a57dba95f1518773630c4f840.mp3*~data=user_id=0,application_id=42~hmac=0c10760db18f49a462dee1dee52895ba3fa084ead67dc5a6d6ad04820553b28a","On: 80s Party Hits"
"(gap)","","","","The Unforgettable Fire (Remastered 2009)","U2","The Unforgettable Fire (Remastered)","4587263","617968","294","false","https://www.deezer.com/us/track/4587263","https://cdnt-preview.dzcdn.net/api/1/1/4/e/b/0/4eb8d7f94f02cefd0f5db1de4d0623ac.mp3?hdnea=exp=1781297472~acl=/api/1/1/4/e/b/0/4eb8d7f94f02cefd0f5db1de4d0623ac.mp3*~data=user_id=0,application_id=42~hmac=07cb286caeafddb4df9722df416e5a5078eda5887651c1bafed7c840b5e0cd0b","On: 80s Alternative"
"(gap)","","","","Making Plans For Nigel","XTC","Drums And Wires","3135763","611392","253","false","https://www.deezer.com/us/track/3135763","https://cdnt-preview.dzcdn.net/api/1/1/8/4/6/0/84673e0f3c13c8a0b2d1d552675d22fb.mp3?hdnea=exp=1781297472~acl=/api/1/1/8/4/6/0/84673e0f3c13c8a0b2d1d552675d22fb.mp3*~data=user_id=0,application_id=42~hmac=6326f7032ec2dc2c5a010e1c834fcfb9c81f6c9fa2be025a4cb75b945d534447","On: 80s Alternative"
"(gap)","","","","One Of Us","ABBA","Abba Gold Anniversary Edition","76376886","608782","234","false","https://www.deezer.com/us/track/76376886","https://cdnt-preview.dzcdn.net/api/1/1/f/5/5/0/f555973cf8521c464eff9604cb17bb36.mp3?hdnea=exp=1781297471~acl=/api/1/1/f/5/5/0/f555973cf8521c464eff9604cb17bb36.mp3*~data=user_id=0,application_id=42~hmac=ee0ecee75b92542077ca6f03e53639aaca9c9820f16847cc6fce9972c627a1e8","On: 80s Ballads"
"(gap)","","","","I've Been Losing You (2016 Remaster)","a-ha","Time and Again: The Ultimate a-ha","120434346","605206","264","false","https://www.deezer.com/us/track/120434346","https://cdnt-preview.dzcdn.net/api/1/1/2/0/d/0/20d4e59e231a6e1a2b1d544eb9f61c7b.mp3?hdnea=exp=1781297471~acl=/api/1/1/2/0/d/0/20d4e59e231a6e1a2b1d544eb9f61c7b.mp3*~data=user_id=0,application_id=42~hmac=4d1acec812a89b3327515989837c562f5914706bf36065c118719356ff8cff9f","On: 80s Ballads"
"(gap)","","","","Redemption Song","Bob Marley & The Wailers","Legend - The Best Of Bob Marley And The Wailers","530300721","604404","227","false","https://www.deezer.com/us/track/530300721","https://cdnt-preview.dzcdn.net/api/1/1/e/9/f/0/e9f793fc0a6a99c9d141df00c63be83e.mp3?hdnea=exp=1781297471~acl=/api/1/1/e/9/f/0/e9f793fc0a6a99c9d141df00c63be83e.mp3*~data=user_id=0,application_id=42~hmac=867b86d33714a1a25998eebff817447d9285fe25c5bf02a48e66c0fa29b4c85d","On: 80s Ballads"
"(gap)","","","","La Bamba","Los Lobos","La Bamba / Charlena","3819736","603874","174","false","https://www.deezer.com/us/track/3819736","https://cdnt-preview.dzcdn.net/api/1/1/f/9/9/0/f99fe7582d1c44dd2c3be0794fa81eaf.mp3?hdnea=exp=1781297468~acl=/api/1/1/f/9/9/0/f99fe7582d1c44dd2c3be0794fa81eaf.mp3*~data=user_id=0,application_id=42~hmac=079c15366349e93d514622f64c3c2c492dce9b2d83a9f74b2dd35ba0d0ea5e26","On: 80s HITS - 100 Greatest Songs of the 1980s"
"(gap)","","","","Japanese Boy","Aneka","Aneka","6162649","603090","237","false","https://www.deezer.com/us/track/6162649","https://cdnt-preview.dzcdn.net/api/1/1/c/8/6/0/c86656182368e3cb9807c28729aeb31d.mp3?hdnea=exp=1781297469~acl=/api/1/1/c/8/6/0/c86656182368e3cb9807c28729aeb31d.mp3*~data=user_id=0,application_id=42~hmac=1bf4f23c4e0ed952aa89e83907f0e394616fccb8a062e0062dc67fb26e07558b","On: 80s Pop"
"(gap)","","","","Lips Like Sugar","Echo and the Bunnymen","Echo & The Bunnymen (Expanded; 2008 Remaster)","846543","602092","291","false","https://www.deezer.com/us/track/846543","https://cdnt-preview.dzcdn.net/api/1/1/3/3/d/0/33d3e29aba9108385340c237a1462e39.mp3?hdnea=exp=1781297472~acl=/api/1/1/3/3/d/0/33d3e29aba9108385340c237a1462e39.mp3*~data=user_id=0,application_id=42~hmac=75d6c94b60b57d246f3b5fea79b55e926d0148dff01bcc8df9655e2b9ab65078","On: 80s Alternative"
"(gap)","","","","I Wanna Be Your Dog","The Stooges","The Stooges","7230321","601815","187","false","https://www.deezer.com/us/track/7230321","https://cdnt-preview.dzcdn.net/api/1/1/7/c/2/0/7c2035303e1411204a5ff4b588eb4e2b.mp3?hdnea=exp=1781297472~acl=/api/1/1/7/c/2/0/7c2035303e1411204a5ff4b588eb4e2b.mp3*~data=user_id=0,application_id=42~hmac=4eb4a457de760ecde8a61f83e16462fd6cf4c9979c325d02c57b5e4a47dd61cb","On: 80s Alternative"
"(gap)","","","","Rio (2009 Remaster)","Duran Duran","Rio (Collector's Edition)","4127462","598436","337","false","https://www.deezer.com/us/track/4127462","https://cdnt-preview.dzcdn.net/api/1/1/b/7/1/0/b710de63d4ddc164f7e2f98e3acfd2d6.mp3?hdnea=exp=1781297468~acl=/api/1/1/b/7/1/0/b710de63d4ddc164f7e2f98e3acfd2d6.mp3*~data=user_id=0,application_id=42~hmac=5dc452fdc3a231c7c4e3abc43fb5d3150f93fbfab9e0bd2baebcdfa9a03b94f4","On: 80s HITS - 100 Greatest Songs of the 1980s"
"(gap)","","","","Piano In The Dark","Brenda Russell","Greatest Hits","2302966","590753","319","false","https://www.deezer.com/us/track/2302966","https://cdnt-preview.dzcdn.net/api/1/1/8/9/f/0/89f9359fd2039c6faf67194eca8aeab5.mp3?hdnea=exp=1781297469~acl=/api/1/1/8/9/f/0/89f9359fd2039c6faf67194eca8aeab5.mp3*~data=user_id=0,application_id=42~hmac=c75f29db70913eabaebe1edf638c20d01b38c197b77cdc676d619249c7e7ba19","On: 80s Pop"
"(gap)","","","","The Living Daylights","a-ha","Stay on These Roads","4094807","590177","287","false","https://www.deezer.com/us/track/4094807","https://cdnt-preview.dzcdn.net/api/1/1/b/7/1/0/b7140e9a43d933b2b5373bd73175862e.mp3?hdnea=exp=1781297469~acl=/api/1/1/b/7/1/0/b7140e9a43d933b2b5373bd73175862e.mp3*~data=user_id=0,application_id=42~hmac=fd9690bf76b77eecd552c2855dbba5db48f406029a565ee8e4d18e5c79a722f6","On: 80s Pop"
"(gap)","","","","Echo Beach","Martha And The Muffins","Faraway In Time","3152859","589575","212","false","https://www.deezer.com/us/track/3152859","https://cdnt-preview.dzcdn.net/api/1/1/6/b/a/0/6ba1943f90c6c518c4444047559f167a.mp3?hdnea=exp=1781297472~acl=/api/1/1/6/b/a/0/6ba1943f90c6c518c4444047559f167a.mp3*~data=user_id=0,application_id=42~hmac=d338ba417e7b5f5fe3fa9a21c287ab7f9ee824ccc0652dd29270e8c9a96ee738","On: 80s Alternative"
"(gap)","","","","Cry Wolf (2016 Remaster)","a-ha","Time and Again: The Ultimate a-ha","120434348","584948","246","false","https://www.deezer.com/us/track/120434348","https://cdnt-preview.dzcdn.net/api/1/1/f/9/5/0/f95136ea1c0c78c009c92699cdf484d5.mp3?hdnea=exp=1781297469~acl=/api/1/1/f/9/5/0/f95136ea1c0c78c009c92699cdf484d5.mp3*~data=user_id=0,application_id=42~hmac=19f8a2e38d58d4f7f3494afe62e77c8bfae74d6fe4b2f0e9b826097659f584b2","On: 80s Party Hits"
"(gap)","","","","The Passenger","Siouxsie And The Banshees","Through The Looking Glass (Remastered And Expanded)","87769551","584489","309","false","https://www.deezer.com/us/track/87769551","https://cdnt-preview.dzcdn.net/api/1/1/9/0/2/0/902b4b86412376f0de60e3a6dce40966.mp3?hdnea=exp=1781297472~acl=/api/1/1/9/0/2/0/902b4b86412376f0de60e3a6dce40966.mp3*~data=user_id=0,application_id=42~hmac=d84237315bc4470bfaf22d22a652030063cf4c56f4766a60530d7c2147632fce","On: 80s Alternative"
"(gap)","","","","Even the Nights Are Better (Remastered)","Air Supply","The Collection","3551809","573831","236","false","https://www.deezer.com/us/track/3551809","https://cdnt-preview.dzcdn.net/api/1/1/a/8/3/0/a839b45b1f5f7802fc5a37ec2fe819ab.mp3?hdnea=exp=1781297467~acl=/api/1/1/a/8/3/0/a839b45b1f5f7802fc5a37ec2fe819ab.mp3*~data=user_id=0,application_id=42~hmac=33d77cf4fe6b5cbec56f47ff546c7ca019361fbee04d200a293a33a361023c55","On: 80s Hits"
"(gap)","","","","Hurts So Good","John Mellencamp","The Best That I Could Do 1978 - 1988","2512462","567523","219","false","https://www.deezer.com/us/track/2512462","https://cdnt-preview.dzcdn.net/api/1/1/b/8/8/0/b887b9e4c34c40d484bfb957bd91c429.mp3?hdnea=exp=1781297470~acl=/api/1/1/b/8/8/0/b887b9e4c34c40d484bfb957bd91c429.mp3*~data=user_id=0,application_id=42~hmac=e55eeb1f1d94593696b8a8ff0cb850fc1451c28316ef05fbc409352013d0dc97","On: 80s Rock"
"(gap)","","","","Waterfall (Remastered 2009)","The Stone Roses","The Stone Roses","3960793","554806","278","false","https://www.deezer.com/us/track/3960793","https://cdnt-preview.dzcdn.net/api/1/1/d/7/2/0/d724b464e9fb483efc1ff151f15c5568.mp3?hdnea=exp=1781297472~acl=/api/1/1/d/7/2/0/d724b464e9fb483efc1ff151f15c5568.mp3*~data=user_id=0,application_id=42~hmac=d8b524901be25126e8ac9796b8a8eede205fc3f05c0627d430844ef4152f7f9e","On: 80s Alternative"
"(gap)","","","","It's Only Love (with Tina Turner)","Bryan Adams","All the Best - the Hits","3120276","550678","196","false","https://www.deezer.com/us/track/3120276","https://cdnt-preview.dzcdn.net/api/1/1/c/f/0/0/cf020fabec6c1525dc7a68e3bb70f78b.mp3?hdnea=exp=1781297469~acl=/api/1/1/c/f/0/0/cf020fabec6c1525dc7a68e3bb70f78b.mp3*~data=user_id=0,application_id=42~hmac=339432704402035119cf91b5bf8245c7c7f49c7081d60f7e9c48177289267ac3","On: 80s Party Hits"
"(gap)","","","","What Kind of Fool (feat. Barry Gibb)","Barbra Streisand","Guilty","1081116","543873","245","false","https://www.deezer.com/us/track/1081116","https://cdnt-preview.dzcdn.net/api/1/1/e/c/1/0/ec1240bbf74ded339cbb81848e8d8f54.mp3?hdnea=exp=1781297469~acl=/api/1/1/e/c/1/0/ec1240bbf74ded339cbb81848e8d8f54.mp3*~data=user_id=0,application_id=42~hmac=2dc3040dd5882bae333bbf78cef4c5938cb97c8c871ccc1a5e1c3e2af9f835fa","On: 80s Pop"
"(gap)","","","","Special Girl","America","Perspective","4623204","543503","225","false","https://www.deezer.com/us/track/4623204","https://cdnt-preview.dzcdn.net/api/1/1/f/1/8/0/f18edb7ff4740a72ab0dea1b68eac7e5.mp3?hdnea=exp=1781297470~acl=/api/1/1/f/1/8/0/f18edb7ff4740a72ab0dea1b68eac7e5.mp3*~data=user_id=0,application_id=42~hmac=843bff980b0010de89a2e7565a0ffbdce2c30bf04d650d5134acaca9e15f0385","On: 80s Rock"
"(gap)","","","","Each Time You Break My Heart","Nick Kamen","Nick Kamen","88310709","538669","273","false","https://www.deezer.com/us/track/88310709","https://cdnt-preview.dzcdn.net/api/1/1/8/c/9/0/8c92cb733fa0a8d8ae01d092d4100c7c.mp3?hdnea=exp=1781297468~acl=/api/1/1/8/c/9/0/8c92cb733fa0a8d8ae01d092d4100c7c.mp3*~data=user_id=0,application_id=42~hmac=04db6e80871de35fae8e69019c6475bcb0e35279afc86ef5fe280eece4549925","On: 80s HITS - 100 Greatest Songs of the 1980s"
"(gap)","","","","Rapture","Blondie","Atomic/Atomix","3104490","534633","297","false","https://www.deezer.com/us/track/3104490","https://cdnt-preview.dzcdn.net/api/1/1/8/2/3/0/8230f9e12397331a9dafc03416c20e7e.mp3?hdnea=exp=1781297472~acl=/api/1/1/8/2/3/0/8230f9e12397331a9dafc03416c20e7e.mp3*~data=user_id=0,application_id=42~hmac=08da24807ebdddf6cd6357941d583e493a7a517eb658487aba94a27cfbf796c0","On: 80s Alternative"
"(gap)","","","","Panama","Van Halen","Best of Volume 1","5093781","526883","212","false","https://www.deezer.com/us/track/5093781","https://cdnt-preview.dzcdn.net/api/1/1/4/8/a/0/48ab64f2ef73e3618a8d4c73470c5308.mp3?hdnea=exp=1781297470~acl=/api/1/1/4/8/a/0/48ab64f2ef73e3618a8d4c73470c5308.mp3*~data=user_id=0,application_id=42~hmac=586fe35b4777ef38d46ebb90e8095244a7eba7e02bacf15050e3b2687dcd362a","On: 80s Rock"
"(gap)","","","","And So It Goes","Billy Joel","The Essential Billy Joel","67943090","525952","216","false","https://www.deezer.com/us/track/67943090","https://cdnt-preview.dzcdn.net/api/1/1/5/c/6/0/5c6bbc3394d26c108eb262f27fb13e4f.mp3?hdnea=exp=1781297471~acl=/api/1/1/5/c/6/0/5c6bbc3394d26c108eb262f27fb13e4f.mp3*~data=user_id=0,application_id=42~hmac=cbd57c38b31f06133fee606979b0998ad675afd739292d92fd0d32e8bbdc7495","On: 80s Ballads"
"(gap)","","","","Blue Lamp (2016 Remaster)","Stevie Nicks","Bella Donna (Deluxe Edition)","135376694","512983","230","false","https://www.deezer.com/us/track/135376694","https://cdnt-preview.dzcdn.net/api/1/1/c/0/a/0/c0a93707467b9de91a1899e306234747.mp3?hdnea=exp=1781297470~acl=/api/1/1/c/0/a/0/c0a93707467b9de91a1899e306234747.mp3*~data=user_id=0,application_id=42~hmac=c15fdbf30db2106f7e9d208d5b10b1a42cfff4ea52a246e6ea643a9d6ab49fa4","On: 80s Rock"
"(gap)","","","","I Want Candy","Bow Wow Wow","Love, Peace & Harmony The Best Of Bow Wow Wow","900670","497290","164","false","https://www.deezer.com/us/track/900670","https://cdnt-preview.dzcdn.net/api/1/1/f/4/4/0/f4413bb3c6f5d68fef84cf421ebadedf.mp3?hdnea=exp=1781297469~acl=/api/1/1/f/4/4/0/f4413bb3c6f5d68fef84cf421ebadedf.mp3*~data=user_id=0,application_id=42~hmac=b8503aa9d0647a1a58dca9e5635596d7e57539c6cb6efc63874cb3fbe90d669c","On: 80s Pop"
"(gap)","","","","How Can I Fall ?","Breathe","All That Jazz","4220970","494905","281","false","https://www.deezer.com/us/track/4220970","https://cdnt-preview.dzcdn.net/api/1/1/9/4/b/0/94bc6f3eaacbf422246cbd0f7a01bbe7.mp3?hdnea=exp=1781297469~acl=/api/1/1/9/4/b/0/94bc6f3eaacbf422246cbd0f7a01bbe7.mp3*~data=user_id=0,application_id=42~hmac=f9bc6a2de7c0e8651e741c57f9f6a4f2b61babecdd411ad9890231b162a3b276","On: 80s Pop"
"(gap)","","","","Up Where We Belong","Jennifer Warnes","Songs About Love - The Classics","5270969","493451","235","false","https://www.deezer.com/us/track/5270969","https://cdnt-preview.dzcdn.net/api/1/1/4/a/0/0/4a0341d9a55b8d43eb1263df353e4227.mp3?hdnea=exp=1781297471~acl=/api/1/1/4/a/0/0/4a0341d9a55b8d43eb1263df353e4227.mp3*~data=user_id=0,application_id=42~hmac=a6dcf019640f626d2d485de1c68f082b2b1bd07c097811e7fc38d05b3f18c79c","On: 80s Ballads"
"(gap)","","","","Lorelei","Cocteau Twins","Treasure","105292190","491859","223","false","https://www.deezer.com/us/track/105292190","https://cdnt-preview.dzcdn.net/api/1/1/6/c/c/0/6cc1cb4fc42c07f6be6e8d0604ca21c0.mp3?hdnea=exp=1781297472~acl=/api/1/1/6/c/c/0/6cc1cb4fc42c07f6be6e8d0604ca21c0.mp3*~data=user_id=0,application_id=42~hmac=ee982a466bd52bb00c46f660ee683b16427b6986f977bb8f559fa50db23cbd55","On: 80s Alternative"
"(gap)","","","","Don't Come Around Here No More","Tom Petty And The Heartbreakers","Greatest Hits","588236352","483507","306","false","https://www.deezer.com/us/track/588236352","https://cdnt-preview.dzcdn.net/api/1/1/4/6/b/0/46b8291b55390ab2c0221d2fccd86dcb.mp3?hdnea=exp=1781297470~acl=/api/1/1/4/6/b/0/46b8291b55390ab2c0221d2fccd86dcb.mp3*~data=user_id=0,application_id=42~hmac=7cf23ddd9e8cb20fd39571bb5173836b0c25c4bcbbe9ee0532ce8a4cc8be8a49","On: 80s Rock"
"(gap)","","","","Into The Night (Re-Recorded In Stereo)","Benny Mardones","Ultimate Wedding Hits, Vol 2.","75768225","481393","262","false","https://www.deezer.com/us/track/75768225","https://cdnt-preview.dzcdn.net/api/1/1/a/4/7/0/a47a86f15b2f01dad84ce2dd3243eb61.mp3?hdnea=exp=1781297471~acl=/api/1/1/a/4/7/0/a47a86f15b2f01dad84ce2dd3243eb61.mp3*~data=user_id=0,application_id=42~hmac=d6b2893c45574343f287990b3928376594069f041109c172b3dd127b66f8dbf6","On: 80s Ballads"
"(gap)","","","","Obsession (Rerecorded)","Animotion","Obsession (Rerecorded Version)","6058808","478756","323","false","https://www.deezer.com/us/track/6058808","https://cdnt-preview.dzcdn.net/api/1/1/a/e/6/0/ae69456513f6bef6c0c0c5a1b3a126b1.mp3?hdnea=exp=1781297472~acl=/api/1/1/a/e/6/0/ae69456513f6bef6c0c0c5a1b3a126b1.mp3*~data=user_id=0,application_id=42~hmac=a60cacfb87570c4d0bb196740a0d8d1283d7aedb98ed5f3ede47f33b5b16f03a","On: 80s Alternative"
"(gap)","","","","I'm In Love With A German Film Star","The Passions","Thirty Thousand Feet Over China","143783916","471404","237","false","https://www.deezer.com/us/track/143783916","https://cdnt-preview.dzcdn.net/api/1/1/2/1/a/0/21a03dd5427bd9d8286962e7e0a86bbf.mp3?hdnea=exp=1781297472~acl=/api/1/1/2/1/a/0/21a03dd5427bd9d8286962e7e0a86bbf.mp3*~data=user_id=0,application_id=42~hmac=4e5b0ddf6e4b48f6cbf3b146659b91cfee7e3e52ca06ad91b87987c5e44b9050","On: 80s Alternative"
"(gap)","","","","Can't Take My Eyes Off You (Reprise)","Boys Town Gang","Disc Charge","78304328","469350","283","false","https://www.deezer.com/us/track/78304328","https://cdnt-preview.dzcdn.net/api/1/1/4/a/8/0/4a8922321be1b83e39880d3bc0adceb9.mp3?hdnea=exp=1781297469~acl=/api/1/1/4/a/8/0/4a8922321be1b83e39880d3bc0adceb9.mp3*~data=user_id=0,application_id=42~hmac=38b752cd1460087321569548001ef4c8435431b34a0c4ed03b44f96422cff754","On: 80s Party Hits"
"(gap)","","","","Just Like Jesse James","Cher","Cher's Greatest Hits: 1965-1992","1126797","460519","247","false","https://www.deezer.com/us/track/1126797","https://cdnt-preview.dzcdn.net/api/1/1/7/8/e/0/78e447e6ad3a6ef8d22d31141393fa45.mp3?hdnea=exp=1781297469~acl=/api/1/1/7/8/e/0/78e447e6ad3a6ef8d22d31141393fa45.mp3*~data=user_id=0,application_id=42~hmac=3de162ed3c8f45dad128f330edfc79cd136d94097e3063edb65e0039c5afd245","On: 80s Pop"
"(gap)","","","","Working My Way Back to You","The Spinners","The Rubberband Man","496357772","459872","242","false","https://www.deezer.com/us/track/496357772","https://cdnt-preview.dzcdn.net/api/1/1/6/b/3/0/6b3cd8fed491ad42b634798ea2680bf9.mp3?hdnea=exp=1781297468~acl=/api/1/1/6/b/3/0/6b3cd8fed491ad42b634798ea2680bf9.mp3*~data=user_id=0,application_id=42~hmac=0556027b2fd56d08018c8d7139c019113c4a49231a31f41a2ce78ccdb6f317f1","On: 80s HITS - 100 Greatest Songs of the 1980s"
"(gap)","","","","Debaser","Pixies","Death to the Pixies","936881","458220","171","false","https://www.deezer.com/us/track/936881","https://cdnt-preview.dzcdn.net/api/1/1/3/c/0/0/3c0b6151e2b73f660e532577144b7d8f.mp3?hdnea=exp=1781297470~acl=/api/1/1/3/c/0/0/3c0b6151e2b73f660e532577144b7d8f.mp3*~data=user_id=0,application_id=42~hmac=b14139e1efdb3e666b4b4cfdeb73aef664c5eb198464df31aff409252ed5707d","On: 80s Rock"
"(gap)","","","","One Day I'll Fly Away","Randy Crawford","Now We May Begin","2658627","456461","302","false","https://www.deezer.com/us/track/2658627","https://cdnt-preview.dzcdn.net/api/1/1/6/e/1/0/6e1701d05b58d894e6d070bfb3b82999.mp3?hdnea=exp=1781297468~acl=/api/1/1/6/e/1/0/6e1701d05b58d894e6d070bfb3b82999.mp3*~data=user_id=0,application_id=42~hmac=a621029048a604a5b90c1cf6ba4334c01a22006d1b6ce837a1694524694559be","On: 80s HITS - 100 Greatest Songs of the 1980s"
"(gap)","","","","Love Is A Shield (Single Version)","Camouflage","Best Of - We Stroke The Flames","2537733","455863","239","false","https://www.deezer.com/us/track/2537733","https://cdnt-preview.dzcdn.net/api/1/1/0/4/6/0/0465726af2b3a24fbe9a0676c496f0f6.mp3?hdnea=exp=1781297469~acl=/api/1/1/0/4/6/0/0465726af2b3a24fbe9a0676c496f0f6.mp3*~data=user_id=0,application_id=42~hmac=d2db463641dd5b165244910c3f98ae43b8f9a6f7faae736504dc7d3d236ce78f","On: 80s Pop"
"(gap)","","","","Candy","Cameo","Fresh Takes","489620302","444651","285","false","https://www.deezer.com/us/track/489620302","https://cdnt-preview.dzcdn.net/api/1/1/b/f/c/0/bfc51722f498e7a04f6d77f9e7c430aa.mp3?hdnea=exp=1781297469~acl=/api/1/1/b/f/c/0/bfc51722f498e7a04f6d77f9e7c430aa.mp3*~data=user_id=0,application_id=42~hmac=190e33fa8e6eb828c5f017660e574b2cfe2f0b9c614effbe49bb253e68e07e20","On: 80s Pop"
"(gap)","","","","Ni Tú Ni Nadie","Alaska Y Dinarama","Pop Español De Los 80","362497381","438056","216","false","https://www.deezer.com/us/track/362497381","https://cdnt-preview.dzcdn.net/api/1/1/b/2/0/0/b202a800972b19f8e289bf2b685ea9b3.mp3?hdnea=exp=1781297469~acl=/api/1/1/b/2/0/0/b202a800972b19f8e289bf2b685ea9b3.mp3*~data=user_id=0,application_id=42~hmac=a366cc61cfb6f15b6692f126b548abcbae697e7ae57d78350acfee1cce359a0b","On: 80s Pop"
"(gap)","","","","Don't Turn Around","Aswad","Don't Turn Around: The Best Of Aswad","39745021","434407","211","false","https://www.deezer.com/us/track/39745021","https://cdnt-preview.dzcdn.net/api/1/1/b/7/7/0/b775483c735bbf56ba2c2114426d2702.mp3?hdnea=exp=1781297471~acl=/api/1/1/b/7/7/0/b775483c735bbf56ba2c2114426d2702.mp3*~data=user_id=0,application_id=42~hmac=8f486b5dfb7c9b5c57be03769a3253285f8ea3257f62925f2cb73d367b943208","On: 80s Ballads"
"(gap)","","","","You're A Friend Of Mine","Clarence Clemons & Jackson Browne","Rescue / Hero","13020008","430667","289","false","https://www.deezer.com/us/track/13020008","https://cdnt-preview.dzcdn.net/api/1/1/b/0/b/0/b0bec45a63e8ed8149259819e79e1e66.mp3?hdnea=exp=1781297469~acl=/api/1/1/b/0/b/0/b0bec45a63e8ed8149259819e79e1e66.mp3*~data=user_id=0,application_id=42~hmac=ea26706330cf3c274d4938b8571147c9d48da5991052a227bf3ea48f6b73ec53","On: 80s Party Hits"
"(gap)","","","","Coast to Coast","The Jesus And Mary Chain","Automatic (Expanded Version)","13776479","421348","253","false","https://www.deezer.com/us/track/13776479","https://cdnt-preview.dzcdn.net/api/1/1/6/2/f/0/62f6235cdceb9ed3e0397d6e8455ccea.mp3?hdnea=exp=1781297472~acl=/api/1/1/6/2/f/0/62f6235cdceb9ed3e0397d6e8455ccea.mp3*~data=user_id=0,application_id=42~hmac=68642e77ec795896e2f7468b439e3208e4c842c22f482984e38155db2c7742be","On: 80s Alternative"
"(gap)","","","","Love Resurrection","Alison Moyet","80s 100 Hits","5404554","413004","231","false","https://www.deezer.com/us/track/5404554","https://cdnt-preview.dzcdn.net/api/1/1/e/1/c/0/e1cad59e0ead673745ff4f3a3fd6f626.mp3?hdnea=exp=1781297469~acl=/api/1/1/e/1/c/0/e1cad59e0ead673745ff4f3a3fd6f626.mp3*~data=user_id=0,application_id=42~hmac=cc13a2cb0c8001ad37c8e70d0f7b32107df4277676aeb93f04531cdef0d9154e","On: 80s Pop"
"(gap)","","","","Fade To Grey","Visage","Visage","103051292","407488","230","false","https://www.deezer.com/us/track/103051292","https://cdnt-preview.dzcdn.net/api/1/1/4/9/3/0/493715021246c3d3c44210891c72e586.mp3?hdnea=exp=1781297472~acl=/api/1/1/4/9/3/0/493715021246c3d3c44210891c72e586.mp3*~data=user_id=0,application_id=42~hmac=8d92addb955aa3665324ec5ce6d05694a465ed6a5083b5cf052208c910c331d9","On: 80s Alternative"
"(gap)","","","","A Groovy Kind of Love","Phil Collins","Love Songs (A Compilation Old and New)","4290178","403004","210","false","https://www.deezer.com/us/track/4290178","https://cdnt-preview.dzcdn.net/api/1/1/5/e/5/0/5e597e681f7a907eee55d0338e903ca3.mp3?hdnea=exp=1781297468~acl=/api/1/1/5/e/5/0/5e597e681f7a907eee55d0338e903ca3.mp3*~data=user_id=0,application_id=42~hmac=662fa893277ecf6bf45ebaf38f3bb8c866b8079a7e7b50690c7b4229e58a84db","On: 80s HITS - 100 Greatest Songs of the 1980s"
"(gap)","","","","Hello Again (2017 Remaster)","The Cars","Heartbeat City (Expanded Edition)","474178152","391535","226","false","https://www.deezer.com/us/track/474178152","https://cdnt-preview.dzcdn.net/api/1/1/2/0/3/0/2036559a119e3c975535d1f975a43d2c.mp3?hdnea=exp=1781297470~acl=/api/1/1/2/0/3/0/2036559a119e3c975535d1f975a43d2c.mp3*~data=user_id=0,application_id=42~hmac=6e97ff1d2dbbfc6e54c7af783cf94d8f7a7d4268035bd5eeaa1130930e5de0c7","On: 80s Rock"
"(gap)","","","","Through the Fire","Chaka Khan","Epiphany: The Best of Chaka Khan, Vol. 1","776288","380122","288","false","https://www.deezer.com/us/track/776288","https://cdnt-preview.dzcdn.net/api/1/1/2/a/1/0/2a186229153d9286cffc12c3d8643ae3.mp3?hdnea=exp=1781297467~acl=/api/1/1/2/a/1/0/2a186229153d9286cffc12c3d8643ae3.mp3*~data=user_id=0,application_id=42~hmac=d70d42a7d8da1596b7cf59a2b873180f19cfa170ef3bd6ec75247857b34b83b2","On: 80s Hits"
"(gap)","","","","When I See You Smile","Bad English","Love Songs","2847482","372925","257","false","https://www.deezer.com/us/track/2847482","https://cdnt-preview.dzcdn.net/api/1/1/2/7/8/0/278c8349f6d9385ceb282b4c15d3bf8c.mp3?hdnea=exp=1781297467~acl=/api/1/1/2/7/8/0/278c8349f6d9385ceb282b4c15d3bf8c.mp3*~data=user_id=0,application_id=42~hmac=ac46938d1afc67beb78f47c954835c5cfbe6f5fa0c32c9c2abfbdb792c469bff","On: 80s Hits"
"(gap)","","","","Geno (2000 Remaster)","Dexys Midnight Runners","Searching For The Young Soul Rebels","3358233","349073","207","false","https://www.deezer.com/us/track/3358233","https://cdnt-preview.dzcdn.net/api/1/1/2/7/6/0/27641a944b3b2370f474efcad9b3cf18.mp3?hdnea=exp=1781297468~acl=/api/1/1/2/7/6/0/27641a944b3b2370f474efcad9b3cf18.mp3*~data=user_id=0,application_id=42~hmac=dfea3c374927f0af84856cce657b5dcd7c72234312ffcbbfec1a8b84a1c9bf49","On: 80s HITS - 100 Greatest Songs of the 1980s"
"(gap)","","","","Cheeseburger","Gang Of Four","Solid Gold","105373658","343172","245","false","https://www.deezer.com/us/track/105373658","https://cdnt-preview.dzcdn.net/api/1/1/3/e/2/0/3e2a840a19939416626374f86e5b5074.mp3?hdnea=exp=1781297470~acl=/api/1/1/3/e/2/0/3e2a840a19939416626374f86e5b5074.mp3*~data=user_id=0,application_id=42~hmac=a9087a0b60c39d1a00188401362d20679874bedc7d51603a77bda4b55624b662","On: 80s Rock"
"(gap)","","","","Orinoco Flow","Róisín","The Magic of Enya","10769937","342807","235","false","https://www.deezer.com/us/track/10769937","https://cdnt-preview.dzcdn.net/api/1/1/4/3/0/0/4303d7af466ee1e271eeaec9d40e225e.mp3?hdnea=exp=1781297468~acl=/api/1/1/4/3/0/0/4303d7af466ee1e271eeaec9d40e225e.mp3*~data=user_id=0,application_id=42~hmac=2a468cac3851e59992281cf1677317cd6876947a85bb023f9db99dd448cefaeb","On: 80s HITS - 100 Greatest Songs of the 1980s"
"(gap)","","","","Tell Her About It","Billy Joel","Piano Man: The Very Best of Billy Joel","2168798","310067","229","false","https://www.deezer.com/us/track/2168798","https://cdnt-preview.dzcdn.net/api/1/1/7/1/4/0/71497b73f8dedf8e320e67175e9a780d.mp3?hdnea=exp=1781297469~acl=/api/1/1/7/1/4/0/71497b73f8dedf8e320e67175e9a780d.mp3*~data=user_id=0,application_id=42~hmac=78e76272f7fa3a6fcaff8f35023cee7feb8a5fc62788f285ffe126cc2663a905","On: 80s Party Hits"
"(gap)","","","","Life in a Northern Town","The Dream Academy","The Dream Academy","675713","237298","259","false","https://www.deezer.com/us/track/675713","https://cdnt-preview.dzcdn.net/api/1/1/9/9/9/0/999fa8900f60d3fb63f8705a5b158234.mp3?hdnea=exp=1781297468~acl=/api/1/1/9/9/9/0/999fa8900f60d3fb63f8705a5b158234.mp3*~data=user_id=0,application_id=42~hmac=bf9cd56863e07cbdbc4792e1b4304cf8cf3e73c6e220ab54ad7d7d6e346e8db6","On: 80s HITS - 100 Greatest Songs of the 1980s"
"(gap)","","","","Somewhere in My Heart","Aztec Camera","Love","1882123117","163442","242","false","https://www.deezer.com/us/track/1882123117","https://cdnt-preview.dzcdn.net/api/1/1/7/1/d/0/71d36e2c17c0aa220241cbf13a8051a0.mp3?hdnea=exp=1781297468~acl=/api/1/1/7/1/d/0/71d36e2c17c0aa220241cbf13a8051a0.mp3*~data=user_id=0,application_id=42~hmac=fce92fd489c8272eeeeaf1441582032b5318eb98a50dd875378ecf19b2fd7f57","On: 80s HITS - 100 Greatest Songs of the 1980s"
"(gap)","","","","Brass in Pocket (2006 Remaster)","Pretenders","Pretenders","14636389","151526","185","false","https://www.deezer.com/us/track/14636389","https://cdnt-preview.dzcdn.net/api/1/1/7/8/2/0/7828c418fe265f3b3af979b7a383c24e.mp3?hdnea=exp=1781297468~acl=/api/1/1/7/8/2/0/7828c418fe265f3b3af979b7a383c24e.mp3*~data=user_id=0,application_id=42~hmac=43dd42ffff9fdb4141f681040cdae1027e201bfe9723220c4e4853623561dca4","On: 80s HITS - 100 Greatest Songs of the 1980s"
