Title,Artist
"Skyfall","Adele"
"Cornfield Chase","Hans Zimmer"
"Let It Go (From ""Frozen""/Soundtrack Version)","Idina Menzel"
"Stayin Alive","Bee Gees"
"Time","Hans Zimmer"
"City Of Stars (From ""La La Land"" Soundtrack)","Ryan Gosling"
"Ghostbusters","Ray Parker, Jr."
"Pretty in Pink","The Psychedelic Furs"
"Shallow","Lady Gaga"
"Against All Odds (Take a Look at Me Now) (2016 Remaster)","Phil Collins"
"You'll Be In My Heart","Phil Collins"
"Day One (Interstellar Theme)","Hans Zimmer"
"My Heart Will Go On (Love Theme from ""Titanic"")","Céline Dion"
"Duel of the Fates","John Williams"
"Honor (Main Title Theme from ""The Pacific"")","Hans Zimmer"
"Maniac (Re-Recorded)","Michael Sembello"
"You're The One That I Want (From “Grease”)","John Travolta"
"Bohemian Rhapsody","Queen"
"The Hanging Tree (From ""The Hunger Games: Mockingjay"" Soundtrack)","James Newton Howard"
"Cruel Summer","Bananarama"
"Main Titles (You’ve Been Called Back to Top Gun)","Harold Faltermeyer"
"Mountains","Hans Zimmer"
"Theme From Jurassic Park","John Williams"
"Lily's Theme","Alexandre Desplat"
"I Heard It Through The Grapevine","Marvin Gaye"
"American Beauty","Thomas Newman"
"You've Got a Friend in Me","Randy Newman"
"Night Fever (From ""Saturday Night Fever"" Soundtrack)","Bee Gees"
"Django","Luis Bacalov"
"The Imperial March (Darth Vader's Theme)","John Williams"
"How Far I'll Go","Auli'i Cravalho"
"Main Title and Escape","John Williams"
"Let's Hear It for the Boy (From ""Footloose"" Original Soundtrack)","Deniece Williams"
"Unchained Melody","The Righteous Brothers"
"It Might Be You (Theme from Tootsie)","Stephen Bishop"
"Anakin's Betrayal","John Williams"
"Live And Let Die (Main Title)","Paul McCartney"
"Battle of the Heroes","John Williams"
"Main Title ""Somewhere in My Memory"" (From ""Home Alone"" Soundtrack)","John Williams"
"Anakin vs. Obi-Wan","John Williams"
"Star Wars (Main Theme)","John Williams"
"Finale","John Williams"
"Holiday Road (National Lampoon's Vacation)","Lindsey Buckingham"
"(I'm Gonna) Love Me Again","Elton John"
"Halloween Theme","John Carpenter"
"Anakin's Theme","John Williams"
"Young And Beautiful","Lana Del Rey"
"Sunflower (Spider-Man: Into the Spider-Verse)","Post Malone"
"Nightcall","Kavinsky"
"CAN'T STOP THE FEELING! (from DreamWorks Animation's ""TROLLS"")","Justin Timberlake"
"Lift Me Up (From Black Panther: Wakanda Forever - Music From and Inspired By)","Rihanna"
"Try Everything","Shakira"
"Earned It (Fifty Shades Of Grey) (From The ""Fifty Shades Of Grey"" Soundtrack)","The Weeknd"
"No Time To Die","Billie Eilish"
"In the Air Tonight (2015 Remaster)","Phil Collins"
"Killer Queen","Queen"
"Oh, Pretty Woman","Roy Orbison"
"Everybody Needs Somebody to Love","The Blues Brothers"
"Immortals","Fall Out Boy"
"Writing's On The Wall (From ""Spectre"" Soundtrack)","Sam Smith"
"You Never Can Tell","Chuck Berry"
"Society","Eddie Vedder"
"The Mandalorian","Ludwig Göransson"
"Across the Stars (Love Theme from ""Star Wars: Attack of the Clones"")","John Williams"
"Changes (2015 Remaster)","David Bowie"
"Can You Hear The Music","Ludwig Göransson"
"Beauty and the Beast","Ariana Grande"
"The Last of Us","Gustavo Santaolalla"
"We Don't Talk About Bruno","Carolina Gaitán - La Gaita"
"The Avengers","Alan Silvestri"
"Let's Go Crazy (2015 Paisley Park Remaster)","Prince"
"Hey Jude (Remastered 2009)","The Beatles"
"Main Title","Ramin Djawadi"
"Flight","Hans Zimmer"
"A Time of Quiet Between the Storms","Hans Zimmer"
"Matera (From ''No Time To Die'' Soundtrack)","Hans Zimmer"
"Alan Turing's Legacy (From ""The Imitation Game"" Soundtrack)","Alexandre Desplat"
"Cantina Band","John Williams"
"The Dragon Warrior","Hans Zimmer"
"Whiplash","Hank Levy"
"Axel F (From ""Beverly Hills Cop"" Soundtrack)","Harold Faltermeyer"
"The Throne Room and End Title","John Williams"
"Alice's Theme","Danny Elfman"
"Un Poco Loco","Anthony Gonzalez"
"Why Do We Fall?","Hans Zimmer"
"California Dreamin'","José Feliciano"
"I Get Around","The Beach Boys"
"Love Theme From ""The Godfather""","Nino Rota"
"Falling Slowly","Glen Hansard"
"Portals","Alan Silvestri"
"9 to 5","Dolly Parton"
"Welcome To Jurassic Park","John Williams"
"Rose (From ""Titanic"" Soundtrack)","James Horner"
"London","James Newton Howard"
"Rey's Theme","John Williams"
"Last Dance","Donna Summer"
"Be My Baby","The Ronettes"
"Safe & Sound (from The Hunger Games Soundtrack)","Taylor Swift"
"Main Titles (From the HBO Miniseries ""Band of Brothers"" Soundtrack)","The London Metropolitan Orchestra"
"The Heat Is On (From ""Beverly Hills Cop"" Soundtrack)","Glenn Frey"
"Stay (I Missed You)","Lisa Loeb"
"My Girl","The Temptations"
"Coming Back Around","John Powell"
"House Of Cards Main Title Theme","Jeff Beal"
"We Got The Beat (2011 Remaster)","The Go-Go's"
"Bathroom Dance","Hildur Guðnadóttir"
"Once Upon a Time in The West (Main Theme)","Ennio Morricone"
"The Godfather Waltz (Main Title)","Nino Rota"
"The Shoop Shoop Song (It's In His Kiss)","Cher"
"Remember Me (Dúo)","Miguel"
"The Rise of Skywalker","John Williams"
"Emma","Steven Price"
"Lone Survivor","Steve Jablonsky"
"Wednesday Main Titles","Danny Elfman"
"Beauty and the Beast","Angela Lansbury"
"The Last Jedi","John Williams"
"Main Title","John Williams"
"Theme (from ""Spider Man"") [Original Television Series]","Michael Giacchino"
"Mr. Moustafa","Alexandre Desplat"
"Ewok Celebration and Finale","John Williams"
"The Chamber of Secrets (From ""Harry Potter and the Chamber of Secrets"")","The City of Prague Philharmonic Orchestra"
"We Go Together","John Williams"
"Ahch-To Island","John Williams"
"Back To The Future: Back To The Future (From ""Back To The Future"")","Alan Silvestri"
"The Battle of Crait","John Williams"
"Love On A Real Train (From 'Risky Business' Original Motion Picture Soundtrack / Remastered 2020)","Tangerine Dream"
"Come Back to Us (From ""1917"" Soundtrack)","Thomas Newman"
"Imperial Attack","John Williams"
"Star Wars Main Title and Ambush on Coruscant","John Williams"
"The Immolation Scene","John Williams"
"Pure Imagination (From ""Willy Wonka & The Chocolate Factory"" Soundtrack)","Gene Wilder"
"Shake It Up (2016 Remaster)","The Cars"
"We Belong Together (From ""Toy Story 3""/Soundtrack)","Randy Newman"
"Evergreen (Love Theme from ""A Star Is Born"")","Barbra Streisand"
"Finale & End Credits","John Williams"
"Kylo Ren Arrives at the Battle","John Williams"
"Main Title","Jerry Goldsmith"
"Man Or Muppet","Jason Segel"
"The Magnificent Seven","Elmer Bernstein"
"Captain Marvel","Pinar Toprak"
"Raindrops Keep Falling on My Head (Re-Recorded)","BJ Thomas"
"Titles (Remastered)","Vangelis"
"Moon River (Digitally Remastered)","Henry Mancini"
"Zoo (De ""Zootopie 2"")","Disney"
"Bring Me To Life","Evanescence"
"Shape of You","Ed Sheeran"
"Dirty Diana (2012 Remaster)","Michael Jackson"
"On The Floor (Radio Edit)","Jennifer Lopez"
"Demons","Imagine Dragons"
"Titanium (feat. Sia)","David Guetta"
"Always Remember Us This Way","Lady Gaga"
"Uptown Funk (feat. Bruno Mars)","Mark Ronson"
"Don't Stop Me Now (Remastered 2011)","Queen"
"Shake It Off","Taylor Swift"
"Hotel California (2013 Remaster)","Eagles"
"Eyes Without A Face","Billy Idol"
"I Feel It Coming","The Weeknd"
"Chandelier","Sia"
"Happy (From ""Despicable Me 2"")","Pharrell Williams"
"Save Your Tears (Remix)","The Weeknd"
"Just the Way You Are","Bruno Mars"
"Havana (feat. Young Thug)","Camila Cabello"
"What Was I Made For? [From The Motion Picture ""Barbie""]","Billie Eilish"
"Cold Heart (PNAU Remix)","Elton John"
"We Are Young (feat. Janelle Monáe)","Fun."
"Something Just Like This","Coldplay"
"Cruel Summer","Taylor Swift"
"Roar","Katy Perry"
"We Don't Talk Anymore (feat. Selena Gomez)","Charlie Puth"
"Here Comes The Sun (Remastered 2009)","The Beatles"
"Easy On Me","Adele"
"Lay All Your Love On Me","ABBA"
"Señorita","Shawn Mendes"
"Hold the Line","Toto"
"We Will Rock You (Remastered 2011)","Queen"
"Anti-Hero","Taylor Swift"
"Pompeii","Bastille"
"Attention","Charlie Puth"
"Let It Be (Remastered 2009)","The Beatles"
"Don’t Blame Me","Taylor Swift"
"Blank Space","Taylor Swift"
"Love Me Like You Do (From ""Fifty Shades Of Grey"")","Ellie Goulding"
"Feel This Moment (feat. Christina Aguilera)","Pitbull"
"All The Small Things","blink-182"
"High Hopes","Panic! At The Disco"
"Can't Feel My Face","The Weeknd"
"Mr. Blue Sky","Electric Light Orchestra"
"The Show Must Go On","Queen"
"Oh My God","Adele"
"Radio Ga Ga (Remastered 2011)","Queen"
"Piano Man","Billy Joel"
"Don't Dream It's Over","Crowded House"
"Love Never Felt So Good","Michael Jackson"
"Want to Want Me","Jason Derulo"
"The Sound of Silence","Disturbed"
"Somebody To Love","Queen"
"Stronger (What Doesn't Kill You)","Kelly Clarkson"
"Cheap Thrills","Sia"
"We Are The Champions (Remastered 2011)","Queen"
"My Immortal","Evanescence"
"Never Tear Us Apart","INXS"
"Something In The Way","Nirvana"
"One","U2"
"Everybody Wants To Rule The World","Tears For Fears"
"Faith (Remastered)","George Michael"
"Need You Tonight","INXS"
"Pocketful of Sunshine","Natasha Bedingfield"
"Centuries","Fall Out Boy"
"Tennessee Whiskey","Chris Stapleton"
"Come & Get It","Selena Gomez"
"My House","Flo Rida"
"Wildest Dreams","Taylor Swift"
"Twist And Shout (Remastered 2009)","The Beatles"
"Since U Been Gone","Kelly Clarkson"
"Best Day Of My Life","American Authors"
"Unstoppable","Sia"
"Fireball (feat. John Ryan)","Pitbull"
"Some Nights","Fun."
"Stereo Hearts (feat. Adam Levine)","Gym Class Heroes"
"Tuyo (Narcos Theme) [Extended Version] (A Netflix Original Series Soundtrack)","Rodrigo Amarante"
"Marvin Gaye (feat. Meghan Trainor)","Charlie Puth"
"My Sacrifice","Creed"
"Rewrite The Stars","Zac Efron"
"You Could Be Mine","Guns N' Roses"
"Sweet Caroline","Neil Diamond"
"You Can Call Me Al","Paul Simon"
"Who Wants To Live Forever","Queen"
"I Want It All (Remastered 2011)","Queen"
"We Are Never Ever Getting Back Together","Taylor Swift"
"Visions of Gideon","Sufjan Stevens"
"Alone","Heart"
"Smooth (feat. Rob Thomas)","Santana"
"My Songs Know What You Did In The Dark (Light Em Up)","Fall Out Boy"
"Believer","Imagine Dragons"
"Love Of My Life (Remastered 2011)","Queen"
"Crazy Little Thing Called Love","Queen"
"Think","The Blues Brothers"
"Hand in My Pocket (2015 Remaster)","Alanis Morissette"
"You Should Be Dancing","Bee Gees"
"Higher","Creed"
"Sugar","Maroon 5"
"Mia & Sebastian’s Theme","Justin Hurwitz"
"Despacito (Remix)","Luis Fonsi"
"F1","Hans Zimmer"
"Call Me When You're Sober","Evanescence"
"Pour Some Sugar On Me","Def Leppard"
"Accidentally In Love (From ""Shrek 2"" Soundtrack)","Counting Crows"
"(Don't Fear) The Reaper","Blue Öyster Cult"
"Somebody's Watching Me (Single Version)","Rockwell"
"Flashlight (From ""Pitch Perfect 2"" Soundtrack)","Jessie J"
"You Oughta Know (2015 Remaster)","Alanis Morissette"
"I Want To Break Free","Queen"
"Take It Easy (2013 Remaster)","Eagles"
"Sledgehammer","Peter Gabriel"
"The Joker","Steve Miller Band"
"Just Like Fire (From the Original Motion Picture ""Alice Through The Looking Glass"")","P!nk"
"Ashes (from ""Deadpool 2"" Motion Picture Soundtrack)","Céline Dion"
"End Credits","Alan Silvestri"
"Theme from Glass Onion","Nathan Johnson"
"Light of the Seven","Ramin Djawadi"
"Going The Distance (From ""Rocky"" Soundtrack / Remastered 2006)","Bill Conti"
"Kids","Kyle Dixon & Michael Stein"
"Gortoz A Ran","Denez Prigent"
"Test Drive (From How To Train Your Dragon Music From The Motion Picture)","John Powell"
"Stranger Things","Kyle Dixon & Michael Stein"
"Eulogy","Kyle Dixon & Michael Stein"
"I'm Just Ken","Ryan Gosling"
"The Winds of Winter","Ramin Djawadi"
"The Imitation Game","Alexandre Desplat"
"Goodbye Brother","Ramin Djawadi"
"Succession - Andante Risoluto","Nicholas Britell"
"Kung Fu Fighting","Cee-Lo"
"You’re Where You Belong / Give ‘Em Hell","Harold Faltermeyer"
"Dream Is Collapsing","Hans Zimmer"
"Romantic Flight (From How To Train Your Dragon Music From The Motion Picture)","John Powell"
"My Name Is Barbossa","Geoff Zanelli"
"Forbidden Friendship","John Powell"
"A Lannister Always Pays His Debts","Ramin Djawadi"
"Manhattan Project","Ludwig Göransson"
"Blood of My Blood","Ramin Djawadi"
"Destroyer Of Worlds","Ludwig Göransson"
"Winterfell","Ramin Djawadi"
"Final Ascent","Hans Zimmer"
"Theme from World War Z","The Evolved"
"American Prometheus","Ludwig Göransson"
"This Is Berk","John Powell"
"The Last of Us Part II","Gustavo Santaolalla"
"Toss A Coin To Your Witcher","Sonya Belousova"
"First Class","Henry Jackman"
"Main Theme (From ""The Dark Knight Rises"")","Lindsey Stirling"
"The Power of Prophecy","Ramin Djawadi"
"Flying with Mother","John Powell"
"All Must Choose","Ramin Djawadi"
"The Middle of the World","Nicholas Britell"
"Oppenheimer","Ludwig Göransson"
"Worm Ride","Hans Zimmer"
"This Land","Hans Zimmer"
"Stoick's Ship","John Powell"
"Now You See Me 2 Main Titles","Brian Tyler"
"Iron Man 3","Brian Tyler"
"Brothers In Arms","Junkie XL"
"The Legend of Ashitaka (from 'Princess Mononoke')","Joe Hisaishi"
"Indiana Jones Theme","Hollywood Studio Orchestra"
"Breaking Bad Main Title Theme (Extended)","Dave Porter"
"My Watch Has Ended","Ramin Djawadi"
"Main Title Terminator 2 Theme (Remastered 2017)","Brad Fiedel"
"Mombasa","Hans Zimmer"
"Eleven","Kyle Dixon & Michael Stein"
"The King's Arrival","Ramin Djawadi"
"Episode IV - Cantina Band","John Williams"
"Remember","Hans Zimmer"
"Robin Hood: Prince of Thieves","Cinematic Symphony Orchestra"
"Journey to the Line (From ""The Thin Red Line"" Soundtrack)","Hans Zimmer"
"See You Tomorrow","John Powell"
"New Tail","John Powell"
"Oogway's Legacy","Hans Zimmer"
"House of Woodcock","Jonny Greenwood"
"Magneto","Henry Jackman"
"Happiness Is Simple","Simon Franglen"
"James Bond Theme","Monty Norman"
"1917 (From ""1917"" Soundtrack)","Thomas Newman"
"Hand Covers Bruise","Trent Reznor and Atticus Ross"
"528491","Hans Zimmer"
"Astrid Goes For A Spin","John Powell"
"Main on End","Alan Silvestri"
"Main Title","John Paesano"
"In Motion","Trent Reznor and Atticus Ross"
"Opening Travel Music","David Newman"
"Hello Zepp + Overture","Charlie Clouser"
"The Arrival of Kai","Hans Zimmer"
"Night At The Museum","Alan Silvestri"
"Should You Choose to Accept...","Lorne Balfe"
"Story Of Wick","Tyler Bates"
"Together We Map the World","John Powell"
"Far From Home Suite Home (from ""Spider-Man: Far From Home"" Soundtrack)","Michael Giacchino"
"This Time For Sure","John Powell"
"Radical Notion","Hans Zimmer"
"The Imperial Suite","Michael Giacchino"
"Wakanda","Ludwig Göransson"
"Dream Within a Dream","Hans Zimmer"
"The Rock Suite","Hans Zimmer"
"Ballade in C# Minor: Coronation","Nicholas Britell"
"Po Belongs","Hans Zimmer"
"Man of Steel: What Are You Going to Do When You Are Not Saving The World?","Hans Zimmer"
"Old Souls","Hans Zimmer"
"Thor: The Dark World (From ""Thor: The Dark World""/Score)","Brian Tyler"
"Bemidji, MN (Fargo Series Main Theme)","Jeff Russo"
"Praying","Rupert Gregson-Williams"
"The Vikings Have Their Tea","John Powell"
"Killmonger","Ludwig Göransson"
"Theme from Black Sails","Bear McCreary"
"The Dragon Book","John Powell"
"Main Title","Siddhartha Khosla"
"Take It, It's Yours","Carlos Rafael Rivera"
"Thor: Ragnarok","Mark Mothersbaugh"
"The Bourne Identity Main Title","John Powell"
"Jyn Erso & Hope Suite","Michael Giacchino"
"Intriguing Possibilities","Trent Reznor and Atticus Ross"
"What Have We Done to Each Other?","Trent Reznor and Atticus Ross"
"Ready The Ships","John Powell"
"Impromptu No. 2 for Piano and Orchestra","Nicholas Britell"
"Sapper's Tree","Hans Zimmer"
"Someone Lived This","Hans Zimmer"
"Main Title / Trinity Infinity (From ""The Matrix"")","Don Davis"
"Journey","Hans Zimmer"
"Memory","Hans Zimmer"
