Source,Kind,Year,CanonicalTitle,TrackCount
"1492: Conquest of Paradise","MOVIE","1992","1492: Conquest of Paradise","1"
"1999","OTHER","1982","1999","1"
"500 Days of Summer","MOVIE","2009","500 Days of Summer","1"
"8 Mile","MOVIE","2002","8 Mile","1"
"9 to 5","MOVIE","1980","9 to 5","1"
"A Night at the Roxbury","MOVIE","1998","A Night at the Roxbury","1"
"A Star Is Born","MOVIE","1937","A Star Is Born","3"
"A View to a Kill","MOVIE","1985","A View to a Kill","1"
"Against All Odds","MOVIE","1984","Against All Odds","1"
"Aladdin","MOVIE","1992","Aladdin","2"
"Almost Famous","MOVIE","2000","Almost Famous","1"
"American Gigolo","MOVIE","1980","American Gigolo","1"
"American Psycho","MOVIE","2000","American Psycho","1"
"Amélie","MOVIE","2001","Amélie","1"
"An Officer And A Gentleman","MOVIE","1982","An Officer and a Gentleman","1"
"Animal House","MOVIE","1978","Animal House","2"
"Armageddon","MOVIE","1998","Armageddon","1"
"Arrested Development","TV","2003","Arrested Development","1"
"Arthur","MOVIE","1981","Arthur","1"
"Avatar","MOVIE","2009","Avatar","2"
"Back to the Future","MOVIE","1985","Back to the Future","1"
"Barbie","MOVIE","2023","Barbie","3"
"Batman","MOVIE","1989","Batman","2"
"Batman Forever","MOVIE","1995","Batman Forever","1"
"Beaches","MOVIE","1988","Beaches","1"
"Beauty and the Beast","MOVIE","1991","Beauty and the Beast","1"
"Beetlejuice","MOVIE","1988","Beetlejuice","2"
"Benny & Joon","MOVIE","1993","Benny & Joon","1"
"Beverly Hills Cop","MOVIE","1984","Beverly Hills Cop","1"
"Black Panther","MOVIE","2018","Black Panther","2"
"Blade Runner","MOVIE","1982","Blade Runner","2"
"Bodyguard","MOVIE","1992","The Bodyguard","1"
"Bohemian Rhapsody","MOVIE","2018","Bohemian Rhapsody","4"
"Boogie Nights","MOVIE","1997","Boogie Nights","2"
"Brave","MOVIE","2012","Brave","1"
"Braveheart","MOVIE","1995","Braveheart","3"
"Breakfast at Tiffany's","MOVIE","1961","Breakfast at Tiffany's","1"
"Breakfast at Tiffanys","MOVIE","1961","Breakfast at Tiffany's","1"
"Bridget Jones's Diary","MOVIE","2001","Bridget Jones's Diary","1"
"Buster","MOVIE","1988","Buster","1"
"Butch Cassidy and the Sundance Kid","MOVIE","1969","Butch Cassidy and the Sundance Kid","2"
"Caddyshack","MOVIE","1980","Caddyshack","1"
"Casino Royale","MOVIE","2006","Casino Royale","3"
"Catch Me If You Can","MOVIE","2002","Catch Me If You Can","1"
"Cats","MUSICAL","1982","Cats","1"
"Charlie And The Chocolate Factory","MOVIE","2005","Charlie and the Chocolate Factory","1"
"Chocolat","MOVIE","2000","Chocolat","1"
"City of Angels","MOVIE","1998","City of Angels","2"
"Cocktail","MOVIE","1988","Cocktail","1"
"Coco","MOVIE","2017","Coco","2"
"Coneheads","MOVIE","1993","Coneheads","1"
"Cool Runnings","MOVIE","1993","Cool Runnings","1"
"Cruel Intentions","MOVIE","1999","Cruel Intentions","1"
"Dance with Wolves","MOVIE","1990","Dances with Wolves","1"
"Dangerous Minds","MOVIE","1995","Dangerous Minds","1"
"Dazed and Confused","MOVIE","1993","Dazed and Confused","1"
"Deadpool","MOVIE","2016","Deadpool","1"
"Deadpool & Wolverine","MOVIE","2024","Deadpool & Wolverine","1"
"Deliverance","MOVIE","1972","Deliverance","1"
"Diamonds Are Forever","MOVIE","1971","Diamonds Are Forever","1"
"Dirty Dancing","MOVIE","1987","Dirty Dancing","7"
"Donnie Darko","MOVIE","2001","Donnie Darko","1"
"Dr. No","MOVIE","1962","Dr. No","1"
"Dreamgirls","MOVIE","2006","Dreamgirls","1"
"Easy Rider","MOVIE","1969","Easy Rider","1"
"Edward Scissorhands","MOVIE","1990","Edward Scissorhands","1"
"Elvis","MOVIE","2022","Elvis","1"
"Encanto","MOVIE","2021","Encanto","4"
"Euphoria","TV","2019","Euphoria","1"
"EuroTrip","MOVIE","2004","EuroTrip","1"
"Fame","MOVIE","1980","Fame","1"
"Fast Times at Ridgemont High","MOVIE","1982","Fast Times at Ridgemont High","1"
"Ferris Bueller's Day Off","MOVIE","1986","Ferris Bueller's Day Off","2"
"Fifty Shades of Grey","MOVIE","2015","Fifty Shades of Grey","2"
"Fight Club","MOVIE","1999","Fight Club","1"
"Flashdance","MOVIE","1983","Flashdance","2"
"Footloose","MOVIE","1984","Footloose","3"
"Forrest Gump","MOVIE","1994","Forrest Gump","2"
"Frozen","MOVIE","2013","Frozen","4"
"Frozen 2","MOVIE","2019","Frozen 2","3"
"Full Metal Jacket","MOVIE","1987","Full Metal Jacket","1"
"Furious 7","MOVIE","2015","Furious 7","1"
"Ghost","MOVIE","1990","Ghost","1"
"Ghostbusters","MOVIE","1984","Ghostbusters","2"
"Gladiator","MOVIE","2000","Gladiator","2"
"GoldenEye","MOVIE","1995","GoldenEye","1"
"Goldfinger","MOVIE","1964","Goldfinger","1"
"Gone With the Wind","MOVIE","1939","Gone with the Wind","1"
"Goodfellas","MOVIE","1990","Goodfellas","4"
"Great Balls of Fire","MOVIE","1989","Great Balls of Fire","1"
"Guardians of the Galaxy","MOVIE","2014","Guardians of the Galaxy","1"
"Hair","MUSICAL","1968","Hair","1"
"Hamilton","MUSICAL","2015","Hamilton","4"
"Hannah Montana The Movie","MOVIE","2009","Hannah Montana: The Movie","1"
"Harry Potter And The Goblet Of Fire","MOVIE","2005","Harry Potter and the Goblet of Fire","2"
"Harry Potter And The Order Of The Phoenix","MOVIE","2007","Harry Potter and the Order of the Phoenix","4"
"Harry Potter and The Chamber of Secrets","MOVIE","2002","Harry Potter and the Chamber of Secrets","3"
"Harry Potter and The Sorcerer's Stone","MOVIE","2001","Harry Potter and the Sorcerer's Stone","1"
"Harry Potter and the Prisoner of Azkaban","MOVIE","2004","Harry Potter and the Prisoner of Azkaban","2"
"I, Robot","MOVIE","2004","I, Robot","1"
"Interstellar","MOVIE","2014","Interstellar","1"
"Jaws","MOVIE","1975","Jaws","1"
"Jurassic Park","MOVIE","1993","Jurassic Park","1"
"Just Like Heaven","MOVIE","2005","Just Like Heaven","1"
"Kingsman: The Secret Service","MOVIE","2014","Kingsman","1"
"La Bamba","MOVIE","1987","La Bamba","1"
"La La Land","MOVIE","2016","La La Land","4"
"Lean on Me","MOVIE","1989","Lean on Me","1"
"Legends Of The Fall","MOVIE","1994","Legends of the Fall","1"
"Les Misérables","MUSICAL","1987","Les Misérables","4"
"Less Than Zero","MOVIE","1987","Less Than Zero","1"
"Lilo & Stitch","MOVIE","2002","Lilo & Stitch","1"
"Live and Let Die","MOVIE","1973","Live and Let Die","1"
"Love Story","MOVIE","1970","Love Story","2"
"Mad Max Beyond Thunderdome","MOVIE","1985","Mad Max Beyond Thunderdome","1"
"Mamma Mia","MOVIE","2008","Mamma Mia!","6"
"Mamma Mia!","MUSICAL","2001","Mamma Mia!","2"
"Mannequin","MOVIE","1987","Mannequin","1"
"Matilda","MUSICAL","2013","Matilda","1"
"Men in Black","MOVIE","1997","Men in Black","1"
"Midnight Cowboy","MOVIE","1969","Midnight Cowboy","1"
"Midnight Express","MOVIE","1978","Midnight Express","1"
"Mission Impossible","MOVIE","1996","Mission: Impossible","1"
"Moana","MOVIE","2016","Moana","4"
"Moulin Rouge!","MOVIE","2001","Moulin Rouge!","1"
"Mulan","MOVIE","1998","Mulan","2"
"My Girl","MOVIE","1991","My Girl","1"
"Napoleon Dynamite","MOVIE","2004","Napoleon Dynamite","1"
"Naruto","TV","2002","Naruto","1"
"National Treasure","MOVIE","2004","National Treasure","1"
"No Time to Die","MOVIE","2021","No Time to Die","1"
"No Way Out","MOVIE","1987","No Way Out","1"
"Notting Hill","MOVIE","1999","Notting Hill","2"
"On Her Majesty's Secret Service","MOVIE","1969","On Her Majesty's Secret Service","2"
"Oppenheimer","MOVIE","2023","Oppenheimer","1"
"Pearl Harbor","MOVIE","2001","Pearl Harbor","1"
"Peter Pan","MOVIE","1953","Peter Pan","1"
"Philadelphia","MOVIE","1993","Philadelphia","1"
"Pirates of the Caribbean","MOVIE","2003","Pirates of the Caribbean","4"
"Pirates of the Caribbean: Dead Man's Chest","MOVIE","2006","Pirates of the Caribbean: Dead Man's Chest","1"
"Pirates of the Caribbean: The Curse of the Black Pearl","MOVIE","2003","Pirates of the Caribbean: The Curse of the Black Pearl","8"
"Pitch Perfect","MOVIE","2012","Pitch Perfect","1"
"Pitch Perfect 2","MOVIE","2015","Pitch Perfect 2","1"
"Pocahontas","MOVIE","1995","Pocahontas","2"
"Pretty Woman","MOVIE","1990","Pretty Woman","2"
"Pretty in Pink","MOVIE","1986","Pretty in Pink","2"
"Pride & Prejudice","MOVIE","2005","Pride & Prejudice","1"
"Pulp Fiction","MOVIE","1994","Pulp Fiction","5"
"Purple Rain","MOVIE","1984","Purple Rain","1"
"Ratatouille","MOVIE","2007","Ratatouille","1"
"Ready Player One","MOVIE","2018","Ready Player One","1"
"Reality Bites","MOVIE","1994","Reality Bites","2"
"Remember the Titans","MOVIE","2000","Remember the Titans","1"
"Requiem for a Dream","MOVIE","2000","Requiem for a Dream","1"
"Reservoir Dogs","MOVIE","1992","Reservoir Dogs","1"
"Risky Business","MOVIE","1983","Risky Business","1"
"Rock of Ages","MUSICAL","2005","Rock of Ages","1"
"Rocky III","MOVIE","1982","Rocky III","1"
"Rocky IV","MOVIE","1985","Rocky IV","4"
"Romeo + Juliet","MOVIE","1996","Romeo + Juliet","2"
"Runaway Train","MOVIE","1985","Runaway Train","1"
"Saturday Night Fever","MOVIE","1977","Saturday Night Fever","2"
"Saving Private Ryan","MOVIE","1998","Saving Private Ryan","2"
"Say Anything","MOVIE","1989","Say Anything","2"
"Schindler's List","MOVIE","1993","Schindler's List","1"
"Shaft","MOVIE","1971","Shaft","1"
"Sherlock Holmes","MOVIE","2009","Sherlock Holmes","1"
"Shrek","MOVIE","2001","Shrek","1"
"Shrek 2","MOVIE","2004","Shrek 2","1"
"Sing","MOVIE","2016","Sing","1"
"Sing 2","MOVIE","2021","Sing 2","1"
"Sixteen Candles","MOVIE","1984","Sixteen Candles","1"
"Skyfall","MOVIE","2012","Skyfall","1"
"Sliding Doors","MOVIE","1998","Sliding Doors","1"
"Spectre","MOVIE","2015","Spectre","1"
"Spider-Man","MOVIE","2002","Spider-Man","1"
"Spider-Man 2","MOVIE","2004","Spider-Man 2","1"
"Spider-Man: Into the Spider-Verse","MOVIE","2018","Spider-Man: Into the Spider-Verse","2"
"Spirited Away","MOVIE","2001","Spirited Away","2"
"St. Elmo's Fire","MOVIE","1985","St. Elmo's Fire","1"
"St. Elmo's Fire - Music From The","OTHER","1985","St. Elmo's Fire","2"
"Stand By Me","MOVIE","1986","Stand by Me","1"
"Stop Making Sense","MOVIE","1984","Stop Making Sense","1"
"Stranger Things","TV","2016","Stranger Things","4"
"Superman: The Movie","MOVIE","1978","Superman: The Movie","1"
"Sweet Home Alabama","MOVIE","2002","Sweet Home Alabama","1"
"Tangled","MOVIE","2010","Tangled","2"
"That Thing You Do!","MOVIE","1996","That Thing You Do!","1"
"The Big Lebowski","MOVIE","1998","The Big Lebowski","2"
"The Bodyguard","MOVIE","1992","The Bodyguard","1"
"The Bourne Ultimatum","MOVIE","2007","The Bourne Ultimatum","1"
"The Breakfast Club","MOVIE","1985","The Breakfast Club","3"
"The Chronicles of Narnia: The Lion, The Witch and The Wardrobe","MOVIE","2005","The Chronicles of Narnia: The Lion, the Witch and the Wardrobe","2"
"The Da Vinci Code","MOVIE","2006","The Da Vinci Code","1"
"The Dark Knight","MOVIE","2008","The Dark Knight","6"
"The Endless Love","MOVIE","1981","Endless Love","1"
"The First Wives Club","MOVIE","1996","The First Wives Club","1"
"The Good, The Bad And The Ugly","MOVIE","1966","The Good, the Bad and the Ugly","2"
"The Goonies","MOVIE","1985","The Goonies","1"
"The Graduate","MOVIE","1967","The Graduate","3"
"The Greatest Showman","MOVIE","2017","The Greatest Showman","5"
"The Holiday","MOVIE","2006","The Holiday","1"
"The Hunger Games: Mockingjay","MOVIE","2014","The Hunger Games: Mockingjay","1"
"The Incredibles","MOVIE","2004","The Incredibles","2"
"The Karate Kid Part II","MOVIE","1986","The Karate Kid Part II","1"
"The Last Dragon","MOVIE","1985","The Last Dragon","1"
"The Last Samurai","MOVIE","2003","The Last Samurai","2"
"The Lion King","MOVIE","1994","The Lion King","3"
"The Little Mermaid","MOVIE","1989","The Little Mermaid","3"
"The Living Daylights","MOVIE","1987","The Living Daylights","1"
"The Lord of the Rings: The Fellowship of the Ring","MOVIE","2001","The Lord of the Rings: The Fellowship of the Ring","7"
"The Lord of the Rings: The Return of the King","MOVIE","2003","The Lord of the Rings: The Return of the King","1"
"The Lord of the Rings: The Two Towers","MOVIE","2002","The Lord of the Rings: The Two Towers","4"
"The Lost Boys","MOVIE","1987","The Lost Boys","2"
"The Motorcycle Diaries","MOVIE","2004","The Motorcycle Diaries","1"
"The Munsters","TV","1964","The Munsters","1"
"The Muppet Movie","MOVIE","1979","The Muppet Movie","1"
"The NeverEnding Story","MOVIE","1984","The NeverEnding Story","1"
"The Piano","MOVIE","1993","The Piano","2"
"The Polar Express","MOVIE","2004","The Polar Express","1"
"The Rocky Horror Picture Show","MOVIE","1975","The Rocky Horror Picture Show","2"
"The Royal Tenenbaums","MOVIE","2001","The Royal Tenenbaums","1"
"The Shawshank Redemption","MOVIE","1994","The Shawshank Redemption","2"
"The Shining","MOVIE","1980","The Shining","1"
"The Silence of the Lambs","MOVIE","1991","The Silence of the Lambs","2"
"The Twilight Saga: Breaking Dawn","MOVIE","2011","Breaking Dawn","1"
"The Wall","MOVIE","1982","The Wall","1"
"The Wedding Singer","MOVIE","1998","The Wedding Singer","1"
"The Wizard of Oz","MOVIE","1939","The Wizard of Oz","2"
"The Woman in Red","MOVIE","1984","The Woman in Red","1"
"Thriller","OTHER","1982","Thriller","1"
"Titanic","MOVIE","1997","Titanic","1"
"Top Gun","MOVIE","1986","Top Gun","7"
"Top Gun: Maverick","MOVIE","2022","Top Gun: Maverick","1"
"Toy Story","MOVIE","1995","Toy Story","2"
"Toy Story 2","MOVIE","1999","Toy Story 2","2"
"Trainspotting","MOVIE","1996","Trainspotting","2"
"Transformers","MOVIE","2007","Transformers","3"
"Transformers: Revenge of the Fallen","MOVIE","2009","Transformers: Revenge of the Fallen","2"
"Turning Red","MOVIE","2022","Turning Red","1"
"Under the Cherry Moon","MOVIE","1986","Under the Cherry Moon","1"
"Up","MOVIE","2009","Up","1"
"Up Close and Personal","MOVIE","1996","Up Close and Personal","1"
"Valley Girl","MOVIE","1983","Valley Girl","1"
"Vision Quest","MOVIE","1985","Vision Quest","1"
"We Are Family","OTHER","1979","We Are Family","1"
"We Are The World","OTHER","1985","We Are the World","1"
"West Side Story","MOVIE","1961","West Side Story","1"
"When Harry Met Sally","MOVIE","1989","When Harry Met Sally","1"
"White Chicks","MOVIE","2004","White Chicks","1"
"White Nights","MOVIE","1985","White Nights","1"
"Wicked","MUSICAL","2003","Wicked","3"
"Willy Wonka and the Chocolate Factory","MOVIE","1971","Willy Wonka and the Chocolate Factory","1"
"Xanadu","MOVIE","1980","Xanadu","1"
"Zoolander","MOVIE","2001","Zoolander","1"
